Persona, , , , Direccion, , , , Datos de empleado, , Proyectos
Nombre, Apellido, Apellido, Edad, Numero, Calle, Ciudad, CP, Trabajador, Anios de empleado, Proyectos historicos, Proyectos Vigentes
Francisco, Orozco, Mejia, 55, 21,Rue Henri De Saegher,Molenbeek-Saint-Jean,1080, 1, 19, 43, 2
 , , , , , , , , , , , Revision
 , , , , , , , , , , , Mantenimiento
 , , , , , , , , , , Apoyo
 , , , , , , , , , , Reparacion
 , , , , , , , , , , Reparacion
 , , , , , , , , , , Limpieza
 , , , , , , , , , , Construccion
 , , , , , , , , , , Apoyo
 , , , , , , , , , , Revision
 , , , , , , , , , , Mantenimiento
 , , , , , , , , , , Mantenimiento
 , , , , , , , , , , Apoyo
 , , , , , , , , , , Reparacion
 , , , , , , , , , , Revision
 , , , , , , , , , , Construccion
 , , , , , , , , , , Reparacion
 , , , , , , , , , , Reparacion
 , , , , , , , , , , Reparacion
 , , , , , , , , , , Construccion
 , , , , , , , , , , Mantenimiento
 , , , , , , , , , , Revision
 , , , , , , , , , , Mantenimiento
 , , , , , , , , , , Limpieza
 , , , , , , , , , , Mantenimiento
 , , , , , , , , , , Reparacion
 , , , , , , , , , , Reparacion
 , , , , , , , , , , Limpieza
 , , , , , , , , , , Construccion
 , , , , , , , , , , Limpieza
 , , , , , , , , , , Construccion
 , , , , , , , , , , Construccion
 , , , , , , , , , , Limpieza
 , , , , , , , , , , Limpieza
 , , , , , , , , , , Revision
 , , , , , , , , , , Mantenimiento
 , , , , , , , , , , Limpieza
 , , , , , , , , , , Revision
 , , , , , , , , , , Mantenimiento
 , , , , , , , , , , Revision
 , , , , , , , , , , Reparacion
 , , , , , , , , , , Reparacion
 , , , , , , , , , , Limpieza
 , , , , , , , , , , Construccion
 , , , , , , , , , , Apoyo
 , , , , , , , , , , Limpieza
Julieta, Garcia, Cruz, 63, 21,Rue Henri De Saegher,Molenbeek-Saint-Jean,1080, 2, 18, 13, 1
 , , , , , , , , , , , Revision
 , , , , , , , , , , Apoyo
 , , , , , , , , , , Reparacion
 , , , , , , , , , , Reparacion
 , , , , , , , , , , Limpieza
 , , , , , , , , , , Construccion
 , , , , , , , , , , Apoyo
 , , , , , , , , , , Revision
 , , , , , , , , , , Mantenimiento
 , , , , , , , , , , Mantenimiento
 , , , , , , , , , , Apoyo
 , , , , , , , , , , Reparacion
 , , , , , , , , , , Revision
 , , , , , , , , , , Construccion
Mariana, Campos, Orozco, 57, 44,Rue de la Perche,Saint-Gilles,1060, 3, 15, 15, 2
 , , , , , , , , , , , Revision
 , , , , , , , , , , , Mantenimiento
 , , , , , , , , , , Apoyo
 , , , , , , , , , , Reparacion
 , , , , , , , , , , Reparacion
 , , , , , , , , , , Limpieza
 , , , , , , , , , , Construccion
 , , , , , , , , , , Apoyo
 , , , , , , , , , , Revision
 , , , , , , , , , , Mantenimiento
 , , , , , , , , , , Mantenimiento
 , , , , , , , , , , Apoyo
 , , , , , , , , , , Reparacion
 , , , , , , , , , , Revision
 , , , , , , , , , , Construccion
 , , , , , , , , , , Reparacion
 , , , , , , , , , , Reparacion
Silvia, Barrera, Medina, 72, 44,Rue de la Perche,Saint-Gilles,1060, 4, 14, 20, 3
 , , , , , , , , , , , Revision
 , , , , , , , , , , , Mantenimiento
 , , , , , , , , , , , Limpieza
 , , , , , , , , , , Apoyo
 , , , , , , , , , , Reparacion
 , , , , , , , , , , Reparacion
 , , , , , , , , , , Limpieza
 , , , , , , , , , , Construccion
 , , , , , , , , , , Apoyo
 , , , , , , , , , , Revision
 , , , , , , , , , , Mantenimiento
 , , , , , , , , , , Mantenimiento
 , , , , , , , , , , Apoyo
 , , , , , , , , , , Reparacion
 , , , , , , , , , , Revision
 , , , , , , , , , , Construccion
 , , , , , , , , , , Reparacion
 , , , , , , , , , , Reparacion
 , , , , , , , , , , Reparacion
 , , , , , , , , , , Construccion
 , , , , , , , , , , Mantenimiento
 , , , , , , , , , , Revision
 , , , , , , , , , , Mantenimiento
Alma, Acosta, Medina, 49, 2,Rue Ketels,Bruxelles,1020, 5, 11, 31, 3
 , , , , , , , , , , , Revision
 , , , , , , , , , , , Mantenimiento
 , , , , , , , , , , , Limpieza
 , , , , , , , , , , Apoyo
 , , , , , , , , , , Reparacion
 , , , , , , , , , , Reparacion
 , , , , , , , , , , Limpieza
 , , , , , , , , , , Construccion
 , , , , , , , , , , Apoyo
 , , , , , , , , , , Revision
 , , , , , , , , , , Mantenimiento
 , , , , , , , , , , Mantenimiento
 , , , , , , , , , , Apoyo
 , , , , , , , , , , Reparacion
 , , , , , , , , , , Revision
 , , , , , , , , , , Construccion
 , , , , , , , , , , Reparacion
 , , , , , , , , , , Reparacion
 , , , , , , , , , , Reparacion
 , , , , , , , , , , Construccion
 , , , , , , , , , , Mantenimiento
 , , , , , , , , , , Revision
 , , , , , , , , , , Mantenimiento
 , , , , , , , , , , Limpieza
 , , , , , , , , , , Mantenimiento
 , , , , , , , , , , Reparacion
 , , , , , , , , , , Reparacion
 , , , , , , , , , , Limpieza
 , , , , , , , , , , Construccion
 , , , , , , , , , , Limpieza
 , , , , , , , , , , Construccion
 , , , , , , , , , , Construccion
 , , , , , , , , , , Limpieza
 , , , , , , , , , , Limpieza
Diego, Mendez, Rosales, 56, 207,Boulevard Emile Bockstael,Bruxelles,1020, 6, 4, 21, 3
 , , , , , , , , , , , Revision
 , , , , , , , , , , , Mantenimiento
 , , , , , , , , , , , Limpieza
 , , , , , , , , , , Apoyo
 , , , , , , , , , , Reparacion
 , , , , , , , , , , Reparacion
 , , , , , , , , , , Limpieza
 , , , , , , , , , , Construccion
 , , , , , , , , , , Apoyo
 , , , , , , , , , , Revision
 , , , , , , , , , , Mantenimiento
 , , , , , , , , , , Mantenimiento
 , , , , , , , , , , Apoyo
 , , , , , , , , , , Reparacion
 , , , , , , , , , , Revision
 , , , , , , , , , , Construccion
 , , , , , , , , , , Reparacion
 , , , , , , , , , , Reparacion
 , , , , , , , , , , Reparacion
 , , , , , , , , , , Construccion
 , , , , , , , , , , Mantenimiento
 , , , , , , , , , , Revision
 , , , , , , , , , , Mantenimiento
 , , , , , , , , , , Limpieza
Pepe, Baños, Mendez, 29, 2,Rue Ketels,Bruxelles,1020, 7, 2, 30, 3
 , , , , , , , , , , , Revision
 , , , , , , , , , , , Mantenimiento
 , , , , , , , , , , , Limpieza
 , , , , , , , , , , Apoyo
 , , , , , , , , , , Reparacion
 , , , , , , , , , , Reparacion
 , , , , , , , , , , Limpieza
 , , , , , , , , , , Construccion
 , , , , , , , , , , Apoyo
 , , , , , , , , , , Revision
 , , , , , , , , , , Mantenimiento
 , , , , , , , , , , Mantenimiento
 , , , , , , , , , , Apoyo
 , , , , , , , , , , Reparacion
 , , , , , , , , , , Revision
 , , , , , , , , , , Construccion
 , , , , , , , , , , Reparacion
 , , , , , , , , , , Reparacion
 , , , , , , , , , , Reparacion
 , , , , , , , , , , Construccion
 , , , , , , , , , , Mantenimiento
 , , , , , , , , , , Revision
 , , , , , , , , , , Mantenimiento
 , , , , , , , , , , Limpieza
 , , , , , , , , , , Mantenimiento
 , , , , , , , , , , Reparacion
 , , , , , , , , , , Reparacion
 , , , , , , , , , , Limpieza
 , , , , , , , , , , Construccion
 , , , , , , , , , , Limpieza
 , , , , , , , , , , Construccion
 , , , , , , , , , , Construccion
 , , , , , , , , , , Limpieza
Adrian, Atayde, Barrera, 44, 21,Rue Henri De Saegher,Molenbeek-Saint-Jean,1080, 8, 1, 40, 1
 , , , , , , , , , , , Revision
 , , , , , , , , , , Apoyo
 , , , , , , , , , , Reparacion
 , , , , , , , , , , Reparacion
 , , , , , , , , , , Limpieza
 , , , , , , , , , , Construccion
 , , , , , , , , , , Apoyo
 , , , , , , , , , , Revision
 , , , , , , , , , , Mantenimiento
 , , , , , , , , , , Mantenimiento
 , , , , , , , , , , Apoyo
 , , , , , , , , , , Reparacion
 , , , , , , , , , , Revision
 , , , , , , , , , , Construccion
 , , , , , , , , , , Reparacion
 , , , , , , , , , , Reparacion
 , , , , , , , , , , Reparacion
 , , , , , , , , , , Construccion
 , , , , , , , , , , Mantenimiento
 , , , , , , , , , , Revision
 , , , , , , , , , , Mantenimiento
 , , , , , , , , , , Limpieza
 , , , , , , , , , , Mantenimiento
 , , , , , , , , , , Reparacion
 , , , , , , , , , , Reparacion
 , , , , , , , , , , Limpieza
 , , , , , , , , , , Construccion
 , , , , , , , , , , Limpieza
 , , , , , , , , , , Construccion
 , , , , , , , , , , Construccion
 , , , , , , , , , , Limpieza
 , , , , , , , , , , Limpieza
 , , , , , , , , , , Revision
 , , , , , , , , , , Mantenimiento
 , , , , , , , , , , Limpieza
 , , , , , , , , , , Revision
 , , , , , , , , , , Mantenimiento
 , , , , , , , , , , Revision
 , , , , , , , , , , Reparacion
 , , , , , , , , , , Reparacion
 , , , , , , , , , , Limpieza
Oscar, Rangel, Acosta, 73, 2,Rue Ketels,Bruxelles,1020, 9, 3, 30, 3
 , , , , , , , , , , , Revision
 , , , , , , , , , , , Mantenimiento
 , , , , , , , , , , , Limpieza
 , , , , , , , , , , Apoyo
 , , , , , , , , , , Reparacion
 , , , , , , , , , , Reparacion
 , , , , , , , , , , Limpieza
 , , , , , , , , , , Construccion
 , , , , , , , , , , Apoyo
 , , , , , , , , , , Revision
 , , , , , , , , , , Mantenimiento
 , , , , , , , , , , Mantenimiento
 , , , , , , , , , , Apoyo
 , , , , , , , , , , Reparacion
 , , , , , , , , , , Revision
 , , , , , , , , , , Construccion
 , , , , , , , , , , Reparacion
 , , , , , , , , , , Reparacion
 , , , , , , , , , , Reparacion
 , , , , , , , , , , Construccion
 , , , , , , , , , , Mantenimiento
 , , , , , , , , , , Revision
 , , , , , , , , , , Mantenimiento
 , , , , , , , , , , Limpieza
 , , , , , , , , , , Mantenimiento
 , , , , , , , , , , Reparacion
 , , , , , , , , , , Reparacion
 , , , , , , , , , , Limpieza
 , , , , , , , , , , Construccion
 , , , , , , , , , , Limpieza
 , , , , , , , , , , Construccion
 , , , , , , , , , , Construccion
 , , , , , , , , , , Limpieza
Pepe, Baños, Baños, 54, 207,Boulevard Emile Bockstael,Bruxelles,1020, 10, 2, 24, 3
 , , , , , , , , , , , Revision
 , , , , , , , , , , , Mantenimiento
 , , , , , , , , , , , Limpieza
 , , , , , , , , , , Apoyo
 , , , , , , , , , , Reparacion
 , , , , , , , , , , Reparacion
 , , , , , , , , , , Limpieza
 , , , , , , , , , , Construccion
 , , , , , , , , , , Apoyo
 , , , , , , , , , , Revision
 , , , , , , , , , , Mantenimiento
 , , , , , , , , , , Mantenimiento
 , , , , , , , , , , Apoyo
 , , , , , , , , , , Reparacion
 , , , , , , , , , , Revision
 , , , , , , , , , , Construccion
 , , , , , , , , , , Reparacion
 , , , , , , , , , , Reparacion
 , , , , , , , , , , Reparacion
 , , , , , , , , , , Construccion
 , , , , , , , , , , Mantenimiento
 , , , , , , , , , , Revision
 , , , , , , , , , , Mantenimiento
 , , , , , , , , , , Limpieza
 , , , , , , , , , , Mantenimiento
 , , , , , , , , , , Reparacion
 , , , , , , , , , , Reparacion
Adrian, Atayde, Acosta, 23, 207,Boulevard Emile Bockstael,Bruxelles,1020, 11, 1, 13, 3
 , , , , , , , , , , , Revision
 , , , , , , , , , , , Mantenimiento
 , , , , , , , , , , , Limpieza
 , , , , , , , , , , Apoyo
 , , , , , , , , , , Reparacion
 , , , , , , , , , , Reparacion
 , , , , , , , , , , Limpieza
 , , , , , , , , , , Construccion
 , , , , , , , , , , Apoyo
 , , , , , , , , , , Revision
 , , , , , , , , , , Mantenimiento
 , , , , , , , , , , Mantenimiento
 , , , , , , , , , , Apoyo
 , , , , , , , , , , Reparacion
 , , , , , , , , , , Revision
 , , , , , , , , , , Construccion
Victor, Diaz, Orozco, 61, 207,Boulevard Emile Bockstael,Bruxelles,1020, 12, 17, 27, 3
 , , , , , , , , , , , Revision
 , , , , , , , , , , , Mantenimiento
 , , , , , , , , , , , Limpieza
 , , , , , , , , , , Apoyo
 , , , , , , , , , , Reparacion
 , , , , , , , , , , Reparacion
 , , , , , , , , , , Limpieza
 , , , , , , , , , , Construccion
 , , , , , , , , , , Apoyo
 , , , , , , , , , , Revision
 , , , , , , , , , , Mantenimiento
 , , , , , , , , , , Mantenimiento
 , , , , , , , , , , Apoyo
 , , , , , , , , , , Reparacion
 , , , , , , , , , , Revision
 , , , , , , , , , , Construccion
 , , , , , , , , , , Reparacion
 , , , , , , , , , , Reparacion
 , , , , , , , , , , Reparacion
 , , , , , , , , , , Construccion
 , , , , , , , , , , Mantenimiento
 , , , , , , , , , , Revision
 , , , , , , , , , , Mantenimiento
 , , , , , , , , , , Limpieza
 , , , , , , , , , , Mantenimiento
 , , , , , , , , , , Reparacion
 , , , , , , , , , , Reparacion
 , , , , , , , , , , Limpieza
 , , , , , , , , , , Construccion
 , , , , , , , , , , Limpieza
Jose, Arellano, Cruz, 22, 44,Rue de la Perche,Saint-Gilles,1060, 13, 5, 22, 2
 , , , , , , , , , , , Revision
 , , , , , , , , , , , Mantenimiento
 , , , , , , , , , , Apoyo
 , , , , , , , , , , Reparacion
 , , , , , , , , , , Reparacion
 , , , , , , , , , , Limpieza
 , , , , , , , , , , Construccion
 , , , , , , , , , , Apoyo
 , , , , , , , , , , Revision
 , , , , , , , , , , Mantenimiento
 , , , , , , , , , , Mantenimiento
 , , , , , , , , , , Apoyo
 , , , , , , , , , , Reparacion
 , , , , , , , , , , Revision
 , , , , , , , , , , Construccion
 , , , , , , , , , , Reparacion
 , , , , , , , , , , Reparacion
 , , , , , , , , , , Reparacion
 , , , , , , , , , , Construccion
 , , , , , , , , , , Mantenimiento
 , , , , , , , , , , Revision
 , , , , , , , , , , Mantenimiento
 , , , , , , , , , , Limpieza
 , , , , , , , , , , Mantenimiento
Isabela, Rosales, Acosta, 39, 21,Rue Henri De Saegher,Molenbeek-Saint-Jean,1080, 14, 10, 43, 1
 , , , , , , , , , , , Revision
 , , , , , , , , , , Apoyo
 , , , , , , , , , , Reparacion
 , , , , , , , , , , Reparacion
 , , , , , , , , , , Limpieza
 , , , , , , , , , , Construccion
 , , , , , , , , , , Apoyo
 , , , , , , , , , , Revision
 , , , , , , , , , , Mantenimiento
 , , , , , , , , , , Mantenimiento
 , , , , , , , , , , Apoyo
 , , , , , , , , , , Reparacion
 , , , , , , , , , , Revision
 , , , , , , , , , , Construccion
 , , , , , , , , , , Reparacion
 , , , , , , , , , , Reparacion
 , , , , , , , , , , Reparacion
 , , , , , , , , , , Construccion
 , , , , , , , , , , Mantenimiento
 , , , , , , , , , , Revision
 , , , , , , , , , , Mantenimiento
 , , , , , , , , , , Limpieza
 , , , , , , , , , , Mantenimiento
 , , , , , , , , , , Reparacion
 , , , , , , , , , , Reparacion
 , , , , , , , , , , Limpieza
 , , , , , , , , , , Construccion
 , , , , , , , , , , Limpieza
 , , , , , , , , , , Construccion
 , , , , , , , , , , Construccion
 , , , , , , , , , , Limpieza
 , , , , , , , , , , Limpieza
 , , , , , , , , , , Revision
 , , , , , , , , , , Mantenimiento
 , , , , , , , , , , Limpieza
 , , , , , , , , , , Revision
 , , , , , , , , , , Mantenimiento
 , , , , , , , , , , Revision
 , , , , , , , , , , Reparacion
 , , , , , , , , , , Reparacion
 , , , , , , , , , , Limpieza
 , , , , , , , , , , Construccion
 , , , , , , , , , , Apoyo
 , , , , , , , , , , Limpieza
Emanuel, Perez, Orozco, 65, 44,Rue de la Perche,Saint-Gilles,1060, 15, 9, 37, 3
 , , , , , , , , , , , Revision
 , , , , , , , , , , , Mantenimiento
 , , , , , , , , , , , Limpieza
 , , , , , , , , , , Apoyo
 , , , , , , , , , , Reparacion
 , , , , , , , , , , Reparacion
 , , , , , , , , , , Limpieza
 , , , , , , , , , , Construccion
 , , , , , , , , , , Apoyo
 , , , , , , , , , , Revision
 , , , , , , , , , , Mantenimiento
 , , , , , , , , , , Mantenimiento
 , , , , , , , , , , Apoyo
 , , , , , , , , , , Reparacion
 , , , , , , , , , , Revision
 , , , , , , , , , , Construccion
 , , , , , , , , , , Reparacion
 , , , , , , , , , , Reparacion
 , , , , , , , , , , Reparacion
 , , , , , , , , , , Construccion
 , , , , , , , , , , Mantenimiento
 , , , , , , , , , , Revision
 , , , , , , , , , , Mantenimiento
 , , , , , , , , , , Limpieza
 , , , , , , , , , , Mantenimiento
 , , , , , , , , , , Reparacion
 , , , , , , , , , , Reparacion
 , , , , , , , , , , Limpieza
 , , , , , , , , , , Construccion
 , , , , , , , , , , Limpieza
 , , , , , , , , , , Construccion
 , , , , , , , , , , Construccion
 , , , , , , , , , , Limpieza
 , , , , , , , , , , Limpieza
 , , , , , , , , , , Revision
 , , , , , , , , , , Mantenimiento
 , , , , , , , , , , Limpieza
 , , , , , , , , , , Revision
 , , , , , , , , , , Mantenimiento
 , , , , , , , , , , Revision
Alma, Acosta, Arellano, 67, 2,Rue Ketels,Bruxelles,1020, 16, 11, 44, 1
 , , , , , , , , , , , Revision
 , , , , , , , , , , Apoyo
 , , , , , , , , , , Reparacion
 , , , , , , , , , , Reparacion
 , , , , , , , , , , Limpieza
 , , , , , , , , , , Construccion
 , , , , , , , , , , Apoyo
 , , , , , , , , , , Revision
 , , , , , , , , , , Mantenimiento
 , , , , , , , , , , Mantenimiento
 , , , , , , , , , , Apoyo
 , , , , , , , , , , Reparacion
 , , , , , , , , , , Revision
 , , , , , , , , , , Construccion
 , , , , , , , , , , Reparacion
 , , , , , , , , , , Reparacion
 , , , , , , , , , , Reparacion
 , , , , , , , , , , Construccion
 , , , , , , , , , , Mantenimiento
 , , , , , , , , , , Revision
 , , , , , , , , , , Mantenimiento
 , , , , , , , , , , Limpieza
 , , , , , , , , , , Mantenimiento
 , , , , , , , , , , Reparacion
 , , , , , , , , , , Reparacion
 , , , , , , , , , , Limpieza
 , , , , , , , , , , Construccion
 , , , , , , , , , , Limpieza
 , , , , , , , , , , Construccion
 , , , , , , , , , , Construccion
 , , , , , , , , , , Limpieza
 , , , , , , , , , , Limpieza
 , , , , , , , , , , Revision
 , , , , , , , , , , Mantenimiento
 , , , , , , , , , , Limpieza
 , , , , , , , , , , Revision
 , , , , , , , , , , Mantenimiento
 , , , , , , , , , , Revision
 , , , , , , , , , , Reparacion
 , , , , , , , , , , Reparacion
 , , , , , , , , , , Limpieza
 , , , , , , , , , , Construccion
 , , , , , , , , , , Apoyo
 , , , , , , , , , , Limpieza
 , , , , , , , , , , Revision
Oscar, Rangel, Avila, 21, 44,Rue de la Perche,Saint-Gilles,1060, 17, 3, 20, 3
 , , , , , , , , , , , Revision
 , , , , , , , , , , , Mantenimiento
 , , , , , , , , , , , Limpieza
 , , , , , , , , , , Apoyo
 , , , , , , , , , , Reparacion
 , , , , , , , , , , Reparacion
 , , , , , , , , , , Limpieza
 , , , , , , , , , , Construccion
 , , , , , , , , , , Apoyo
 , , , , , , , , , , Revision
 , , , , , , , , , , Mantenimiento
 , , , , , , , , , , Mantenimiento
 , , , , , , , , , , Apoyo
 , , , , , , , , , , Reparacion
 , , , , , , , , , , Revision
 , , , , , , , , , , Construccion
 , , , , , , , , , , Reparacion
 , , , , , , , , , , Reparacion
 , , , , , , , , , , Reparacion
 , , , , , , , , , , Construccion
 , , , , , , , , , , Mantenimiento
 , , , , , , , , , , Revision
 , , , , , , , , , , Mantenimiento
Adrian, Atayde, Rosales, 18, 2,Rue Ketels,Bruxelles,1020, 18, 1, 28, 1
 , , , , , , , , , , , Revision
 , , , , , , , , , , Apoyo
 , , , , , , , , , , Reparacion
 , , , , , , , , , , Reparacion
 , , , , , , , , , , Limpieza
 , , , , , , , , , , Construccion
 , , , , , , , , , , Apoyo
 , , , , , , , , , , Revision
 , , , , , , , , , , Mantenimiento
 , , , , , , , , , , Mantenimiento
 , , , , , , , , , , Apoyo
 , , , , , , , , , , Reparacion
 , , , , , , , , , , Revision
 , , , , , , , , , , Construccion
 , , , , , , , , , , Reparacion
 , , , , , , , , , , Reparacion
 , , , , , , , , , , Reparacion
 , , , , , , , , , , Construccion
 , , , , , , , , , , Mantenimiento
 , , , , , , , , , , Revision
 , , , , , , , , , , Mantenimiento
 , , , , , , , , , , Limpieza
 , , , , , , , , , , Mantenimiento
 , , , , , , , , , , Reparacion
 , , , , , , , , , , Reparacion
 , , , , , , , , , , Limpieza
 , , , , , , , , , , Construccion
 , , , , , , , , , , Limpieza
 , , , , , , , , , , Construccion
Adrian, Atayde, Rosales, 72, 44,Rue de la Perche,Saint-Gilles,1060, 19, 1, 25, 2
 , , , , , , , , , , , Revision
 , , , , , , , , , , , Mantenimiento
 , , , , , , , , , , Apoyo
 , , , , , , , , , , Reparacion
 , , , , , , , , , , Reparacion
 , , , , , , , , , , Limpieza
 , , , , , , , , , , Construccion
 , , , , , , , , , , Apoyo
 , , , , , , , , , , Revision
 , , , , , , , , , , Mantenimiento
 , , , , , , , , , , Mantenimiento
 , , , , , , , , , , Apoyo
 , , , , , , , , , , Reparacion
 , , , , , , , , , , Revision
 , , , , , , , , , , Construccion
 , , , , , , , , , , Reparacion
 , , , , , , , , , , Reparacion
 , , , , , , , , , , Reparacion
 , , , , , , , , , , Construccion
 , , , , , , , , , , Mantenimiento
 , , , , , , , , , , Revision
 , , , , , , , , , , Mantenimiento
 , , , , , , , , , , Limpieza
 , , , , , , , , , , Mantenimiento
 , , , , , , , , , , Reparacion
 , , , , , , , , , , Reparacion
 , , , , , , , , , , Limpieza
Mariana, Campos, Cruz, 69, 21,Rue Henri De Saegher,Molenbeek-Saint-Jean,1080, 20, 15, 41, 2
 , , , , , , , , , , , Revision
 , , , , , , , , , , , Mantenimiento
 , , , , , , , , , , Apoyo
 , , , , , , , , , , Reparacion
 , , , , , , , , , , Reparacion
 , , , , , , , , , , Limpieza
 , , , , , , , , , , Construccion
 , , , , , , , , , , Apoyo
 , , , , , , , , , , Revision
 , , , , , , , , , , Mantenimiento
 , , , , , , , , , , Mantenimiento
 , , , , , , , , , , Apoyo
 , , , , , , , , , , Reparacion
 , , , , , , , , , , Revision
 , , , , , , , , , , Construccion
 , , , , , , , , , , Reparacion
 , , , , , , , , , , Reparacion
 , , , , , , , , , , Reparacion
 , , , , , , , , , , Construccion
 , , , , , , , , , , Mantenimiento
 , , , , , , , , , , Revision
 , , , , , , , , , , Mantenimiento
 , , , , , , , , , , Limpieza
 , , , , , , , , , , Mantenimiento
 , , , , , , , , , , Reparacion
 , , , , , , , , , , Reparacion
 , , , , , , , , , , Limpieza
 , , , , , , , , , , Construccion
 , , , , , , , , , , Limpieza
 , , , , , , , , , , Construccion
 , , , , , , , , , , Construccion
 , , , , , , , , , , Limpieza
 , , , , , , , , , , Limpieza
 , , , , , , , , , , Revision
 , , , , , , , , , , Mantenimiento
 , , , , , , , , , , Limpieza
 , , , , , , , , , , Revision
 , , , , , , , , , , Mantenimiento
 , , , , , , , , , , Revision
 , , , , , , , , , , Reparacion
 , , , , , , , , , , Reparacion
 , , , , , , , , , , Limpieza
 , , , , , , , , , , Construccion
Mariana, Campos, Avila, 22, 18,Rue Ketels,Bruxelles,1020, 21, 15, 7, 1
 , , , , , , , , , , , Revision
 , , , , , , , , , , Apoyo
 , , , , , , , , , , Reparacion
 , , , , , , , , , , Reparacion
 , , , , , , , , , , Limpieza
 , , , , , , , , , , Construccion
 , , , , , , , , , , Apoyo
 , , , , , , , , , , Revision
Mariana, Campos, Arellano, 18, 115,Avenue des Pagodes,Bruxelles,1020, 22, 15, 29, 1
 , , , , , , , , , , , Revision
 , , , , , , , , , , Apoyo
 , , , , , , , , , , Reparacion
 , , , , , , , , , , Reparacion
 , , , , , , , , , , Limpieza
 , , , , , , , , , , Construccion
 , , , , , , , , , , Apoyo
 , , , , , , , , , , Revision
 , , , , , , , , , , Mantenimiento
 , , , , , , , , , , Mantenimiento
 , , , , , , , , , , Apoyo
 , , , , , , , , , , Reparacion
 , , , , , , , , , , Revision
 , , , , , , , , , , Construccion
 , , , , , , , , , , Reparacion
 , , , , , , , , , , Reparacion
 , , , , , , , , , , Reparacion
 , , , , , , , , , , Construccion
 , , , , , , , , , , Mantenimiento
 , , , , , , , , , , Revision
 , , , , , , , , , , Mantenimiento
 , , , , , , , , , , Limpieza
 , , , , , , , , , , Mantenimiento
 , , , , , , , , , , Reparacion
 , , , , , , , , , , Reparacion
 , , , , , , , , , , Limpieza
 , , , , , , , , , , Construccion
 , , , , , , , , , , Limpieza
 , , , , , , , , , , Construccion
 , , , , , , , , , , Construccion
Guadalupe, Aguilar, Lopez, 23, 21,Rue Henri De Saegher,Molenbeek-Saint-Jean,1080, 23, 12, 29, 1
 , , , , , , , , , , , Revision
 , , , , , , , , , , Apoyo
 , , , , , , , , , , Reparacion
 , , , , , , , , , , Reparacion
 , , , , , , , , , , Limpieza
 , , , , , , , , , , Construccion
 , , , , , , , , , , Apoyo
 , , , , , , , , , , Revision
 , , , , , , , , , , Mantenimiento
 , , , , , , , , , , Mantenimiento
 , , , , , , , , , , Apoyo
 , , , , , , , , , , Reparacion
 , , , , , , , , , , Revision
 , , , , , , , , , , Construccion
 , , , , , , , , , , Reparacion
 , , , , , , , , , , Reparacion
 , , , , , , , , , , Reparacion
 , , , , , , , , , , Construccion
 , , , , , , , , , , Mantenimiento
 , , , , , , , , , , Revision
 , , , , , , , , , , Mantenimiento
 , , , , , , , , , , Limpieza
 , , , , , , , , , , Mantenimiento
 , , , , , , , , , , Reparacion
 , , , , , , , , , , Reparacion
 , , , , , , , , , , Limpieza
 , , , , , , , , , , Construccion
 , , , , , , , , , , Limpieza
 , , , , , , , , , , Construccion
 , , , , , , , , , , Construccion
Romeo, Mejia, Acosta, 67, 2,Rue Ketels,Bruxelles,1020, 24, 0, 43, 2
 , , , , , , , , , , , Revision
 , , , , , , , , , , , Mantenimiento
 , , , , , , , , , , Apoyo
 , , , , , , , , , , Reparacion
 , , , , , , , , , , Reparacion
 , , , , , , , , , , Limpieza
 , , , , , , , , , , Construccion
 , , , , , , , , , , Apoyo
 , , , , , , , , , , Revision
 , , , , , , , , , , Mantenimiento
 , , , , , , , , , , Mantenimiento
 , , , , , , , , , , Apoyo
 , , , , , , , , , , Reparacion
 , , , , , , , , , , Revision
 , , , , , , , , , , Construccion
 , , , , , , , , , , Reparacion
 , , , , , , , , , , Reparacion
 , , , , , , , , , , Reparacion
 , , , , , , , , , , Construccion
 , , , , , , , , , , Mantenimiento
 , , , , , , , , , , Revision
 , , , , , , , , , , Mantenimiento
 , , , , , , , , , , Limpieza
 , , , , , , , , , , Mantenimiento
 , , , , , , , , , , Reparacion
 , , , , , , , , , , Reparacion
 , , , , , , , , , , Limpieza
 , , , , , , , , , , Construccion
 , , , , , , , , , , Limpieza
 , , , , , , , , , , Construccion
 , , , , , , , , , , Construccion
 , , , , , , , , , , Limpieza
 , , , , , , , , , , Limpieza
 , , , , , , , , , , Revision
 , , , , , , , , , , Mantenimiento
 , , , , , , , , , , Limpieza
 , , , , , , , , , , Revision
 , , , , , , , , , , Mantenimiento
 , , , , , , , , , , Revision
 , , , , , , , , , , Reparacion
 , , , , , , , , , , Reparacion
 , , , , , , , , , , Limpieza
 , , , , , , , , , , Construccion
 , , , , , , , , , , Apoyo
 , , , , , , , , , , Limpieza
Alejandro, Neri, Mendez, 62, 115,Avenue des Pagodes,Bruxelles,1020, 25, 8, 19, 3
 , , , , , , , , , , , Revision
 , , , , , , , , , , , Mantenimiento
 , , , , , , , , , , , Limpieza
 , , , , , , , , , , Apoyo
 , , , , , , , , , , Reparacion
 , , , , , , , , , , Reparacion
 , , , , , , , , , , Limpieza
 , , , , , , , , , , Construccion
 , , , , , , , , , , Apoyo
 , , , , , , , , , , Revision
 , , , , , , , , , , Mantenimiento
 , , , , , , , , , , Mantenimiento
 , , , , , , , , , , Apoyo
 , , , , , , , , , , Reparacion
 , , , , , , , , , , Revision
 , , , , , , , , , , Construccion
 , , , , , , , , , , Reparacion
 , , , , , , , , , , Reparacion
 , , , , , , , , , , Reparacion
 , , , , , , , , , , Construccion
 , , , , , , , , , , Mantenimiento
 , , , , , , , , , , Revision
Romeo, Mejia, Baños, 48, 44,Rue de la Perche,Saint-Gilles,1060, 26, 0, 20, 1
 , , , , , , , , , , , Revision
 , , , , , , , , , , Apoyo
 , , , , , , , , , , Reparacion
 , , , , , , , , , , Reparacion
 , , , , , , , , , , Limpieza
 , , , , , , , , , , Construccion
 , , , , , , , , , , Apoyo
 , , , , , , , , , , Revision
 , , , , , , , , , , Mantenimiento
 , , , , , , , , , , Mantenimiento
 , , , , , , , , , , Apoyo
 , , , , , , , , , , Reparacion
 , , , , , , , , , , Revision
 , , , , , , , , , , Construccion
 , , , , , , , , , , Reparacion
 , , , , , , , , , , Reparacion
 , , , , , , , , , , Reparacion
 , , , , , , , , , , Construccion
 , , , , , , , , , , Mantenimiento
 , , , , , , , , , , Revision
 , , , , , , , , , , Mantenimiento
Sara, Avila, Orozco, 72, 2,Rue Ketels,Bruxelles,1020, 27, 13, 6, 2
 , , , , , , , , , , , Revision
 , , , , , , , , , , , Mantenimiento
 , , , , , , , , , , Apoyo
 , , , , , , , , , , Reparacion
 , , , , , , , , , , Reparacion
 , , , , , , , , , , Limpieza
 , , , , , , , , , , Construccion
 , , , , , , , , , , Apoyo
Guadalupe, Aguilar, Aguilar, 63, 115,Avenue des Pagodes,Bruxelles,1020, 28, 12, 15, 3
 , , , , , , , , , , , Revision
 , , , , , , , , , , , Mantenimiento
 , , , , , , , , , , , Limpieza
 , , , , , , , , , , Apoyo
 , , , , , , , , , , Reparacion
 , , , , , , , , , , Reparacion
 , , , , , , , , , , Limpieza
 , , , , , , , , , , Construccion
 , , , , , , , , , , Apoyo
 , , , , , , , , , , Revision
 , , , , , , , , , , Mantenimiento
 , , , , , , , , , , Mantenimiento
 , , , , , , , , , , Apoyo
 , , , , , , , , , , Reparacion
 , , , , , , , , , , Revision
 , , , , , , , , , , Construccion
 , , , , , , , , , , Reparacion
 , , , , , , , , , , Reparacion
Guadalupe, Aguilar, Orozco, 35, 18,Rue Ketels,Bruxelles,1020, 29, 12, 6, 3
 , , , , , , , , , , , Revision
 , , , , , , , , , , , Mantenimiento
 , , , , , , , , , , , Limpieza
 , , , , , , , , , , Apoyo
 , , , , , , , , , , Reparacion
 , , , , , , , , , , Reparacion
 , , , , , , , , , , Limpieza
 , , , , , , , , , , Construccion
 , , , , , , , , , , Apoyo
Francisco, Orozco, Avila, 58, 21,Rue Henri De Saegher,Molenbeek-Saint-Jean,1080, 30, 19, 15, 2
 , , , , , , , , , , , Revision
 , , , , , , , , , , , Mantenimiento
 , , , , , , , , , , Apoyo
 , , , , , , , , , , Reparacion
 , , , , , , , , , , Reparacion
 , , , , , , , , , , Limpieza
 , , , , , , , , , , Construccion
 , , , , , , , , , , Apoyo
 , , , , , , , , , , Revision
 , , , , , , , , , , Mantenimiento
 , , , , , , , , , , Mantenimiento
 , , , , , , , , , , Apoyo
 , , , , , , , , , , Reparacion
 , , , , , , , , , , Revision
 , , , , , , , , , , Construccion
 , , , , , , , , , , Reparacion
 , , , , , , , , , , Reparacion
Adrian, Atayde, Garcia, 44, 207,Boulevard Emile Bockstael,Bruxelles,1020, 31, 1, 13, 3
 , , , , , , , , , , , Revision
 , , , , , , , , , , , Mantenimiento
 , , , , , , , , , , , Limpieza
 , , , , , , , , , , Apoyo
 , , , , , , , , , , Reparacion
 , , , , , , , , , , Reparacion
 , , , , , , , , , , Limpieza
 , , , , , , , , , , Construccion
 , , , , , , , , , , Apoyo
 , , , , , , , , , , Revision
 , , , , , , , , , , Mantenimiento
 , , , , , , , , , , Mantenimiento
 , , , , , , , , , , Apoyo
 , , , , , , , , , , Reparacion
 , , , , , , , , , , Revision
 , , , , , , , , , , Construccion
Romeo, Mejia, Cruz, 65, 207,Boulevard Emile Bockstael,Bruxelles,1020, 32, 0, 41, 2
 , , , , , , , , , , , Revision
 , , , , , , , , , , , Mantenimiento
 , , , , , , , , , , Apoyo
 , , , , , , , , , , Reparacion
 , , , , , , , , , , Reparacion
 , , , , , , , , , , Limpieza
 , , , , , , , , , , Construccion
 , , , , , , , , , , Apoyo
 , , , , , , , , , , Revision
 , , , , , , , , , , Mantenimiento
 , , , , , , , , , , Mantenimiento
 , , , , , , , , , , Apoyo
 , , , , , , , , , , Reparacion
 , , , , , , , , , , Revision
 , , , , , , , , , , Construccion
 , , , , , , , , , , Reparacion
 , , , , , , , , , , Reparacion
 , , , , , , , , , , Reparacion
 , , , , , , , , , , Construccion
 , , , , , , , , , , Mantenimiento
 , , , , , , , , , , Revision
 , , , , , , , , , , Mantenimiento
 , , , , , , , , , , Limpieza
 , , , , , , , , , , Mantenimiento
 , , , , , , , , , , Reparacion
 , , , , , , , , , , Reparacion
 , , , , , , , , , , Limpieza
 , , , , , , , , , , Construccion
 , , , , , , , , , , Limpieza
 , , , , , , , , , , Construccion
 , , , , , , , , , , Construccion
 , , , , , , , , , , Limpieza
 , , , , , , , , , , Limpieza
 , , , , , , , , , , Revision
 , , , , , , , , , , Mantenimiento
 , , , , , , , , , , Limpieza
 , , , , , , , , , , Revision
 , , , , , , , , , , Mantenimiento
 , , , , , , , , , , Revision
 , , , , , , , , , , Reparacion
 , , , , , , , , , , Reparacion
 , , , , , , , , , , Limpieza
 , , , , , , , , , , Construccion
Oscar, Rangel, Neri, 30, 44,Rue de la Perche,Saint-Gilles,1060, 33, 3, 22, 2
 , , , , , , , , , , , Revision
 , , , , , , , , , , , Mantenimiento
 , , , , , , , , , , Apoyo
 , , , , , , , , , , Reparacion
 , , , , , , , , , , Reparacion
 , , , , , , , , , , Limpieza
 , , , , , , , , , , Construccion
 , , , , , , , , , , Apoyo
 , , , , , , , , , , Revision
 , , , , , , , , , , Mantenimiento
 , , , , , , , , , , Mantenimiento
 , , , , , , , , , , Apoyo
 , , , , , , , , , , Reparacion
 , , , , , , , , , , Revision
 , , , , , , , , , , Construccion
 , , , , , , , , , , Reparacion
 , , , , , , , , , , Reparacion
 , , , , , , , , , , Reparacion
 , , , , , , , , , , Construccion
 , , , , , , , , , , Mantenimiento
 , , , , , , , , , , Revision
 , , , , , , , , , , Mantenimiento
 , , , , , , , , , , Limpieza
 , , , , , , , , , , Mantenimiento
Alejandro, Neri, Atayde, 62, 115,Avenue des Pagodes,Bruxelles,1020, 34, 8, 20, 1
 , , , , , , , , , , , Revision
 , , , , , , , , , , Apoyo
 , , , , , , , , , , Reparacion
 , , , , , , , , , , Reparacion
 , , , , , , , , , , Limpieza
 , , , , , , , , , , Construccion
 , , , , , , , , , , Apoyo
 , , , , , , , , , , Revision
 , , , , , , , , , , Mantenimiento
 , , , , , , , , , , Mantenimiento
 , , , , , , , , , , Apoyo
 , , , , , , , , , , Reparacion
 , , , , , , , , , , Revision
 , , , , , , , , , , Construccion
 , , , , , , , , , , Reparacion
 , , , , , , , , , , Reparacion
 , , , , , , , , , , Reparacion
 , , , , , , , , , , Construccion
 , , , , , , , , , , Mantenimiento
 , , , , , , , , , , Revision
 , , , , , , , , , , Mantenimiento
Sara, Avila, Arellano, 35, 2,Rue Ketels,Bruxelles,1020, 35, 13, 40, 2
 , , , , , , , , , , , Revision
 , , , , , , , , , , , Mantenimiento
 , , , , , , , , , , Apoyo
 , , , , , , , , , , Reparacion
 , , , , , , , , , , Reparacion
 , , , , , , , , , , Limpieza
 , , , , , , , , , , Construccion
 , , , , , , , , , , Apoyo
 , , , , , , , , , , Revision
 , , , , , , , , , , Mantenimiento
 , , , , , , , , , , Mantenimiento
 , , , , , , , , , , Apoyo
 , , , , , , , , , , Reparacion
 , , , , , , , , , , Revision
 , , , , , , , , , , Construccion
 , , , , , , , , , , Reparacion
 , , , , , , , , , , Reparacion
 , , , , , , , , , , Reparacion
 , , , , , , , , , , Construccion
 , , , , , , , , , , Mantenimiento
 , , , , , , , , , , Revision
 , , , , , , , , , , Mantenimiento
 , , , , , , , , , , Limpieza
 , , , , , , , , , , Mantenimiento
 , , , , , , , , , , Reparacion
 , , , , , , , , , , Reparacion
 , , , , , , , , , , Limpieza
 , , , , , , , , , , Construccion
 , , , , , , , , , , Limpieza
 , , , , , , , , , , Construccion
 , , , , , , , , , , Construccion
 , , , , , , , , , , Limpieza
 , , , , , , , , , , Limpieza
 , , , , , , , , , , Revision
 , , , , , , , , , , Mantenimiento
 , , , , , , , , , , Limpieza
 , , , , , , , , , , Revision
 , , , , , , , , , , Mantenimiento
 , , , , , , , , , , Revision
 , , , , , , , , , , Reparacion
 , , , , , , , , , , Reparacion
 , , , , , , , , , , Limpieza
Julieta, Garcia, Campos, 69, 18,Rue Ketels,Bruxelles,1020, 36, 18, 2, 1
 , , , , , , , , , , , Revision
 , , , , , , , , , , Apoyo
 , , , , , , , , , , Reparacion
Romeo, Mejia, Neri, 52, 18,Rue Ketels,Bruxelles,1020, 37, 0, 29, 2
 , , , , , , , , , , , Revision
 , , , , , , , , , , , Mantenimiento
 , , , , , , , , , , Apoyo
 , , , , , , , , , , Reparacion
 , , , , , , , , , , Reparacion
 , , , , , , , , , , Limpieza
 , , , , , , , , , , Construccion
 , , , , , , , , , , Apoyo
 , , , , , , , , , , Revision
 , , , , , , , , , , Mantenimiento
 , , , , , , , , , , Mantenimiento
 , , , , , , , , , , Apoyo
 , , , , , , , , , , Reparacion
 , , , , , , , , , , Revision
 , , , , , , , , , , Construccion
 , , , , , , , , , , Reparacion
 , , , , , , , , , , Reparacion
 , , , , , , , , , , Reparacion
 , , , , , , , , , , Construccion
 , , , , , , , , , , Mantenimiento
 , , , , , , , , , , Revision
 , , , , , , , , , , Mantenimiento
 , , , , , , , , , , Limpieza
 , , , , , , , , , , Mantenimiento
 , , , , , , , , , , Reparacion
 , , , , , , , , , , Reparacion
 , , , , , , , , , , Limpieza
 , , , , , , , , , , Construccion
 , , , , , , , , , , Limpieza
 , , , , , , , , , , Construccion
 , , , , , , , , , , Construccion
Sara, Avila, Baños, 45, 21,Rue Henri De Saegher,Molenbeek-Saint-Jean,1080, 38, 13, 37, 1
 , , , , , , , , , , , Revision
 , , , , , , , , , , Apoyo
 , , , , , , , , , , Reparacion
 , , , , , , , , , , Reparacion
 , , , , , , , , , , Limpieza
 , , , , , , , , , , Construccion
 , , , , , , , , , , Apoyo
 , , , , , , , , , , Revision
 , , , , , , , , , , Mantenimiento
 , , , , , , , , , , Mantenimiento
 , , , , , , , , , , Apoyo
 , , , , , , , , , , Reparacion
 , , , , , , , , , , Revision
 , , , , , , , , , , Construccion
 , , , , , , , , , , Reparacion
 , , , , , , , , , , Reparacion
 , , , , , , , , , , Reparacion
 , , , , , , , , , , Construccion
 , , , , , , , , , , Mantenimiento
 , , , , , , , , , , Revision
 , , , , , , , , , , Mantenimiento
 , , , , , , , , , , Limpieza
 , , , , , , , , , , Mantenimiento
 , , , , , , , , , , Reparacion
 , , , , , , , , , , Reparacion
 , , , , , , , , , , Limpieza
 , , , , , , , , , , Construccion
 , , , , , , , , , , Limpieza
 , , , , , , , , , , Construccion
 , , , , , , , , , , Construccion
 , , , , , , , , , , Limpieza
 , , , , , , , , , , Limpieza
 , , , , , , , , , , Revision
 , , , , , , , , , , Mantenimiento
 , , , , , , , , , , Limpieza
 , , , , , , , , , , Revision
 , , , , , , , , , , Mantenimiento
 , , , , , , , , , , Revision
Mariana, Campos, Cruz, 49, 18,Rue Ketels,Bruxelles,1020, 39, 15, 7, 2
 , , , , , , , , , , , Revision
 , , , , , , , , , , , Mantenimiento
 , , , , , , , , , , Apoyo
 , , , , , , , , , , Reparacion
 , , , , , , , , , , Reparacion
 , , , , , , , , , , Limpieza
 , , , , , , , , , , Construccion
 , , , , , , , , , , Apoyo
 , , , , , , , , , , Revision
Guadalupe, Aguilar, Cruz, 34, 44,Rue de la Perche,Saint-Gilles,1060, 40, 12, 44, 1
 , , , , , , , , , , , Revision
 , , , , , , , , , , Apoyo
 , , , , , , , , , , Reparacion
 , , , , , , , , , , Reparacion
 , , , , , , , , , , Limpieza
 , , , , , , , , , , Construccion
 , , , , , , , , , , Apoyo
 , , , , , , , , , , Revision
 , , , , , , , , , , Mantenimiento
 , , , , , , , , , , Mantenimiento
 , , , , , , , , , , Apoyo
 , , , , , , , , , , Reparacion
 , , , , , , , , , , Revision
 , , , , , , , , , , Construccion
 , , , , , , , , , , Reparacion
 , , , , , , , , , , Reparacion
 , , , , , , , , , , Reparacion
 , , , , , , , , , , Construccion
 , , , , , , , , , , Mantenimiento
 , , , , , , , , , , Revision
 , , , , , , , , , , Mantenimiento
 , , , , , , , , , , Limpieza
 , , , , , , , , , , Mantenimiento
 , , , , , , , , , , Reparacion
 , , , , , , , , , , Reparacion
 , , , , , , , , , , Limpieza
 , , , , , , , , , , Construccion
 , , , , , , , , , , Limpieza
 , , , , , , , , , , Construccion
 , , , , , , , , , , Construccion
 , , , , , , , , , , Limpieza
 , , , , , , , , , , Limpieza
 , , , , , , , , , , Revision
 , , , , , , , , , , Mantenimiento
 , , , , , , , , , , Limpieza
 , , , , , , , , , , Revision
 , , , , , , , , , , Mantenimiento
 , , , , , , , , , , Revision
 , , , , , , , , , , Reparacion
 , , , , , , , , , , Reparacion
 , , , , , , , , , , Limpieza
 , , , , , , , , , , Construccion
 , , , , , , , , , , Apoyo
 , , , , , , , , , , Limpieza
 , , , , , , , , , , Revision
Silvia, Barrera, Barrera, 57, 207,Boulevard Emile Bockstael,Bruxelles,1020, 41, 14, 43, 1
 , , , , , , , , , , , Revision
 , , , , , , , , , , Apoyo
 , , , , , , , , , , Reparacion
 , , , , , , , , , , Reparacion
 , , , , , , , , , , Limpieza
 , , , , , , , , , , Construccion
 , , , , , , , , , , Apoyo
 , , , , , , , , , , Revision
 , , , , , , , , , , Mantenimiento
 , , , , , , , , , , Mantenimiento
 , , , , , , , , , , Apoyo
 , , , , , , , , , , Reparacion
 , , , , , , , , , , Revision
 , , , , , , , , , , Construccion
 , , , , , , , , , , Reparacion
 , , , , , , , , , , Reparacion
 , , , , , , , , , , Reparacion
 , , , , , , , , , , Construccion
 , , , , , , , , , , Mantenimiento
 , , , , , , , , , , Revision
 , , , , , , , , , , Mantenimiento
 , , , , , , , , , , Limpieza
 , , , , , , , , , , Mantenimiento
 , , , , , , , , , , Reparacion
 , , , , , , , , , , Reparacion
 , , , , , , , , , , Limpieza
 , , , , , , , , , , Construccion
 , , , , , , , , , , Limpieza
 , , , , , , , , , , Construccion
 , , , , , , , , , , Construccion
 , , , , , , , , , , Limpieza
 , , , , , , , , , , Limpieza
 , , , , , , , , , , Revision
 , , , , , , , , , , Mantenimiento
 , , , , , , , , , , Limpieza
 , , , , , , , , , , Revision
 , , , , , , , , , , Mantenimiento
 , , , , , , , , , , Revision
 , , , , , , , , , , Reparacion
 , , , , , , , , , , Reparacion
 , , , , , , , , , , Limpieza
 , , , , , , , , , , Construccion
 , , , , , , , , , , Apoyo
 , , , , , , , , , , Limpieza
Silvia, Barrera, Barrera, 34, 207,Boulevard Emile Bockstael,Bruxelles,1020, 42, 14, 29, 1
 , , , , , , , , , , , Revision
 , , , , , , , , , , Apoyo
 , , , , , , , , , , Reparacion
 , , , , , , , , , , Reparacion
 , , , , , , , , , , Limpieza
 , , , , , , , , , , Construccion
 , , , , , , , , , , Apoyo
 , , , , , , , , , , Revision
 , , , , , , , , , , Mantenimiento
 , , , , , , , , , , Mantenimiento
 , , , , , , , , , , Apoyo
 , , , , , , , , , , Reparacion
 , , , , , , , , , , Revision
 , , , , , , , , , , Construccion
 , , , , , , , , , , Reparacion
 , , , , , , , , , , Reparacion
 , , , , , , , , , , Reparacion
 , , , , , , , , , , Construccion
 , , , , , , , , , , Mantenimiento
 , , , , , , , , , , Revision
 , , , , , , , , , , Mantenimiento
 , , , , , , , , , , Limpieza
 , , , , , , , , , , Mantenimiento
 , , , , , , , , , , Reparacion
 , , , , , , , , , , Reparacion
 , , , , , , , , , , Limpieza
 , , , , , , , , , , Construccion
 , , , , , , , , , , Limpieza
 , , , , , , , , , , Construccion
 , , , , , , , , , , Construccion
Alejandro, Neri, Mendez, 18, 44,Rue de la Perche,Saint-Gilles,1060, 43, 8, 6, 1
 , , , , , , , , , , , Revision
 , , , , , , , , , , Apoyo
 , , , , , , , , , , Reparacion
 , , , , , , , , , , Reparacion
 , , , , , , , , , , Limpieza
 , , , , , , , , , , Construccion
 , , , , , , , , , , Apoyo
Sara, Avila, Lopez, 60, 21,Rue Henri De Saegher,Molenbeek-Saint-Jean,1080, 44, 13, 38, 2
 , , , , , , , , , , , Revision
 , , , , , , , , , , , Mantenimiento
 , , , , , , , , , , Apoyo
 , , , , , , , , , , Reparacion
 , , , , , , , , , , Reparacion
 , , , , , , , , , , Limpieza
 , , , , , , , , , , Construccion
 , , , , , , , , , , Apoyo
 , , , , , , , , , , Revision
 , , , , , , , , , , Mantenimiento
 , , , , , , , , , , Mantenimiento
 , , , , , , , , , , Apoyo
 , , , , , , , , , , Reparacion
 , , , , , , , , , , Revision
 , , , , , , , , , , Construccion
 , , , , , , , , , , Reparacion
 , , , , , , , , , , Reparacion
 , , , , , , , , , , Reparacion
 , , , , , , , , , , Construccion
 , , , , , , , , , , Mantenimiento
 , , , , , , , , , , Revision
 , , , , , , , , , , Mantenimiento
 , , , , , , , , , , Limpieza
 , , , , , , , , , , Mantenimiento
 , , , , , , , , , , Reparacion
 , , , , , , , , , , Reparacion
 , , , , , , , , , , Limpieza
 , , , , , , , , , , Construccion
 , , , , , , , , , , Limpieza
 , , , , , , , , , , Construccion
 , , , , , , , , , , Construccion
 , , , , , , , , , , Limpieza
 , , , , , , , , , , Limpieza
 , , , , , , , , , , Revision
 , , , , , , , , , , Mantenimiento
 , , , , , , , , , , Limpieza
 , , , , , , , , , , Revision
 , , , , , , , , , , Mantenimiento
 , , , , , , , , , , Revision
 , , , , , , , , , , Reparacion
Alma, Acosta, Perez, 50, 2,Rue Ketels,Bruxelles,1020, 45, 11, 7, 1
 , , , , , , , , , , , Revision
 , , , , , , , , , , Apoyo
 , , , , , , , , , , Reparacion
 , , , , , , , , , , Reparacion
 , , , , , , , , , , Limpieza
 , , , , , , , , , , Construccion
 , , , , , , , , , , Apoyo
 , , , , , , , , , , Revision
Sara, Avila, Barrera, 56, 21,Rue Henri De Saegher,Molenbeek-Saint-Jean,1080, 46, 13, 21, 2
 , , , , , , , , , , , Revision
 , , , , , , , , , , , Mantenimiento
 , , , , , , , , , , Apoyo
 , , , , , , , , , , Reparacion
 , , , , , , , , , , Reparacion
 , , , , , , , , , , Limpieza
 , , , , , , , , , , Construccion
 , , , , , , , , , , Apoyo
 , , , , , , , , , , Revision
 , , , , , , , , , , Mantenimiento
 , , , , , , , , , , Mantenimiento
 , , , , , , , , , , Apoyo
 , , , , , , , , , , Reparacion
 , , , , , , , , , , Revision
 , , , , , , , , , , Construccion
 , , , , , , , , , , Reparacion
 , , , , , , , , , , Reparacion
 , , , , , , , , , , Reparacion
 , , , , , , , , , , Construccion
 , , , , , , , , , , Mantenimiento
 , , , , , , , , , , Revision
 , , , , , , , , , , Mantenimiento
 , , , , , , , , , , Limpieza
Francisco, Orozco, Medina, 58, 207,Boulevard Emile Bockstael,Bruxelles,1020, 47, 19, 21, 3
 , , , , , , , , , , , Revision
 , , , , , , , , , , , Mantenimiento
 , , , , , , , , , , , Limpieza
 , , , , , , , , , , Apoyo
 , , , , , , , , , , Reparacion
 , , , , , , , , , , Reparacion
 , , , , , , , , , , Limpieza
 , , , , , , , , , , Construccion
 , , , , , , , , , , Apoyo
 , , , , , , , , , , Revision
 , , , , , , , , , , Mantenimiento
 , , , , , , , , , , Mantenimiento
 , , , , , , , , , , Apoyo
 , , , , , , , , , , Reparacion
 , , , , , , , , , , Revision
 , , , , , , , , , , Construccion
 , , , , , , , , , , Reparacion
 , , , , , , , , , , Reparacion
 , , , , , , , , , , Reparacion
 , , , , , , , , , , Construccion
 , , , , , , , , , , Mantenimiento
 , , , , , , , , , , Revision
 , , , , , , , , , , Mantenimiento
 , , , , , , , , , , Limpieza
Diego, Mendez, Orozco, 61, 21,Rue Henri De Saegher,Molenbeek-Saint-Jean,1080, 48, 4, 40, 3
 , , , , , , , , , , , Revision
 , , , , , , , , , , , Mantenimiento
 , , , , , , , , , , , Limpieza
 , , , , , , , , , , Apoyo
 , , , , , , , , , , Reparacion
 , , , , , , , , , , Reparacion
 , , , , , , , , , , Limpieza
 , , , , , , , , , , Construccion
 , , , , , , , , , , Apoyo
 , , , , , , , , , , Revision
 , , , , , , , , , , Mantenimiento
 , , , , , , , , , , Mantenimiento
 , , , , , , , , , , Apoyo
 , , , , , , , , , , Reparacion
 , , , , , , , , , , Revision
 , , , , , , , , , , Construccion
 , , , , , , , , , , Reparacion
 , , , , , , , , , , Reparacion
 , , , , , , , , , , Reparacion
 , , , , , , , , , , Construccion
 , , , , , , , , , , Mantenimiento
 , , , , , , , , , , Revision
 , , , , , , , , , , Mantenimiento
 , , , , , , , , , , Limpieza
 , , , , , , , , , , Mantenimiento
 , , , , , , , , , , Reparacion
 , , , , , , , , , , Reparacion
 , , , , , , , , , , Limpieza
 , , , , , , , , , , Construccion
 , , , , , , , , , , Limpieza
 , , , , , , , , , , Construccion
 , , , , , , , , , , Construccion
 , , , , , , , , , , Limpieza
 , , , , , , , , , , Limpieza
 , , , , , , , , , , Revision
 , , , , , , , , , , Mantenimiento
 , , , , , , , , , , Limpieza
 , , , , , , , , , , Revision
 , , , , , , , , , , Mantenimiento
 , , , , , , , , , , Revision
 , , , , , , , , , , Reparacion
 , , , , , , , , , , Reparacion
 , , , , , , , , , , Limpieza
Sara, Avila, Campos, 33, 115,Avenue des Pagodes,Bruxelles,1020, 49, 13, 20, 3
 , , , , , , , , , , , Revision
 , , , , , , , , , , , Mantenimiento
 , , , , , , , , , , , Limpieza
 , , , , , , , , , , Apoyo
 , , , , , , , , , , Reparacion
 , , , , , , , , , , Reparacion
 , , , , , , , , , , Limpieza
 , , , , , , , , , , Construccion
 , , , , , , , , , , Apoyo
 , , , , , , , , , , Revision
 , , , , , , , , , , Mantenimiento
 , , , , , , , , , , Mantenimiento
 , , , , , , , , , , Apoyo
 , , , , , , , , , , Reparacion
 , , , , , , , , , , Revision
 , , , , , , , , , , Construccion
 , , , , , , , , , , Reparacion
 , , , , , , , , , , Reparacion
 , , , , , , , , , , Reparacion
 , , , , , , , , , , Construccion
 , , , , , , , , , , Mantenimiento
 , , , , , , , , , , Revision
 , , , , , , , , , , Mantenimiento
Carlos, Cruz, Barrera, 58, 207,Boulevard Emile Bockstael,Bruxelles,1020, 50, 16, 19, 1
 , , , , , , , , , , , Revision
 , , , , , , , , , , Apoyo
 , , , , , , , , , , Reparacion
 , , , , , , , , , , Reparacion
 , , , , , , , , , , Limpieza
 , , , , , , , , , , Construccion
 , , , , , , , , , , Apoyo
 , , , , , , , , , , Revision
 , , , , , , , , , , Mantenimiento
 , , , , , , , , , , Mantenimiento
 , , , , , , , , , , Apoyo
 , , , , , , , , , , Reparacion
 , , , , , , , , , , Revision
 , , , , , , , , , , Construccion
 , , , , , , , , , , Reparacion
 , , , , , , , , , , Reparacion
 , , , , , , , , , , Reparacion
 , , , , , , , , , , Construccion
 , , , , , , , , , , Mantenimiento
 , , , , , , , , , , Revision
Pepe, Baños, Perez, 36, 2,Rue Ketels,Bruxelles,1020, 51, 2, 5, 2
 , , , , , , , , , , , Revision
 , , , , , , , , , , , Mantenimiento
 , , , , , , , , , , Apoyo
 , , , , , , , , , , Reparacion
 , , , , , , , , , , Reparacion
 , , , , , , , , , , Limpieza
 , , , , , , , , , , Construccion
Alejandro, Neri, Atayde, 60, 44,Rue de la Perche,Saint-Gilles,1060, 52, 8, 44, 2
 , , , , , , , , , , , Revision
 , , , , , , , , , , , Mantenimiento
 , , , , , , , , , , Apoyo
 , , , , , , , , , , Reparacion
 , , , , , , , , , , Reparacion
 , , , , , , , , , , Limpieza
 , , , , , , , , , , Construccion
 , , , , , , , , , , Apoyo
 , , , , , , , , , , Revision
 , , , , , , , , , , Mantenimiento
 , , , , , , , , , , Mantenimiento
 , , , , , , , , , , Apoyo
 , , , , , , , , , , Reparacion
 , , , , , , , , , , Revision
 , , , , , , , , , , Construccion
 , , , , , , , , , , Reparacion
 , , , , , , , , , , Reparacion
 , , , , , , , , , , Reparacion
 , , , , , , , , , , Construccion
 , , , , , , , , , , Mantenimiento
 , , , , , , , , , , Revision
 , , , , , , , , , , Mantenimiento
 , , , , , , , , , , Limpieza
 , , , , , , , , , , Mantenimiento
 , , , , , , , , , , Reparacion
 , , , , , , , , , , Reparacion
 , , , , , , , , , , Limpieza
 , , , , , , , , , , Construccion
 , , , , , , , , , , Limpieza
 , , , , , , , , , , Construccion
 , , , , , , , , , , Construccion
 , , , , , , , , , , Limpieza
 , , , , , , , , , , Limpieza
 , , , , , , , , , , Revision
 , , , , , , , , , , Mantenimiento
 , , , , , , , , , , Limpieza
 , , , , , , , , , , Revision
 , , , , , , , , , , Mantenimiento
 , , , , , , , , , , Revision
 , , , , , , , , , , Reparacion
 , , , , , , , , , , Reparacion
 , , , , , , , , , , Limpieza
 , , , , , , , , , , Construccion
 , , , , , , , , , , Apoyo
 , , , , , , , , , , Limpieza
 , , , , , , , , , , Revision
Mariana, Campos, Campos, 39, 21,Rue Henri De Saegher,Molenbeek-Saint-Jean,1080, 53, 15, 28, 2
 , , , , , , , , , , , Revision
 , , , , , , , , , , , Mantenimiento
 , , , , , , , , , , Apoyo
 , , , , , , , , , , Reparacion
 , , , , , , , , , , Reparacion
 , , , , , , , , , , Limpieza
 , , , , , , , , , , Construccion
 , , , , , , , , , , Apoyo
 , , , , , , , , , , Revision
 , , , , , , , , , , Mantenimiento
 , , , , , , , , , , Mantenimiento
 , , , , , , , , , , Apoyo
 , , , , , , , , , , Reparacion
 , , , , , , , , , , Revision
 , , , , , , , , , , Construccion
 , , , , , , , , , , Reparacion
 , , , , , , , , , , Reparacion
 , , , , , , , , , , Reparacion
 , , , , , , , , , , Construccion
 , , , , , , , , , , Mantenimiento
 , , , , , , , , , , Revision
 , , , , , , , , , , Mantenimiento
 , , , , , , , , , , Limpieza
 , , , , , , , , , , Mantenimiento
 , , , , , , , , , , Reparacion
 , , , , , , , , , , Reparacion
 , , , , , , , , , , Limpieza
 , , , , , , , , , , Construccion
 , , , , , , , , , , Limpieza
 , , , , , , , , , , Construccion
Alma, Acosta, Rosales, 34, 2,Rue Ketels,Bruxelles,1020, 54, 11, 44, 3
 , , , , , , , , , , , Revision
 , , , , , , , , , , , Mantenimiento
 , , , , , , , , , , , Limpieza
 , , , , , , , , , , Apoyo
 , , , , , , , , , , Reparacion
 , , , , , , , , , , Reparacion
 , , , , , , , , , , Limpieza
 , , , , , , , , , , Construccion
 , , , , , , , , , , Apoyo
 , , , , , , , , , , Revision
 , , , , , , , , , , Mantenimiento
 , , , , , , , , , , Mantenimiento
 , , , , , , , , , , Apoyo
 , , , , , , , , , , Reparacion
 , , , , , , , , , , Revision
 , , , , , , , , , , Construccion
 , , , , , , , , , , Reparacion
 , , , , , , , , , , Reparacion
 , , , , , , , , , , Reparacion
 , , , , , , , , , , Construccion
 , , , , , , , , , , Mantenimiento
 , , , , , , , , , , Revision
 , , , , , , , , , , Mantenimiento
 , , , , , , , , , , Limpieza
 , , , , , , , , , , Mantenimiento
 , , , , , , , , , , Reparacion
 , , , , , , , , , , Reparacion
 , , , , , , , , , , Limpieza
 , , , , , , , , , , Construccion
 , , , , , , , , , , Limpieza
 , , , , , , , , , , Construccion
 , , , , , , , , , , Construccion
 , , , , , , , , , , Limpieza
 , , , , , , , , , , Limpieza
 , , , , , , , , , , Revision
 , , , , , , , , , , Mantenimiento
 , , , , , , , , , , Limpieza
 , , , , , , , , , , Revision
 , , , , , , , , , , Mantenimiento
 , , , , , , , , , , Revision
 , , , , , , , , , , Reparacion
 , , , , , , , , , , Reparacion
 , , , , , , , , , , Limpieza
 , , , , , , , , , , Construccion
 , , , , , , , , , , Apoyo
 , , , , , , , , , , Limpieza
 , , , , , , , , , , Revision
Isabela, Rosales, Campos, 21, 18,Rue Ketels,Bruxelles,1020, 55, 10, 17, 2
 , , , , , , , , , , , Revision
 , , , , , , , , , , , Mantenimiento
 , , , , , , , , , , Apoyo
 , , , , , , , , , , Reparacion
 , , , , , , , , , , Reparacion
 , , , , , , , , , , Limpieza
 , , , , , , , , , , Construccion
 , , , , , , , , , , Apoyo
 , , , , , , , , , , Revision
 , , , , , , , , , , Mantenimiento
 , , , , , , , , , , Mantenimiento
 , , , , , , , , , , Apoyo
 , , , , , , , , , , Reparacion
 , , , , , , , , , , Revision
 , , , , , , , , , , Construccion
 , , , , , , , , , , Reparacion
 , , , , , , , , , , Reparacion
 , , , , , , , , , , Reparacion
 , , , , , , , , , , Construccion
Oscar, Rangel, Baños, 20, 18,Rue Ketels,Bruxelles,1020, 56, 3, 23, 1
 , , , , , , , , , , , Revision
 , , , , , , , , , , Apoyo
 , , , , , , , , , , Reparacion
 , , , , , , , , , , Reparacion
 , , , , , , , , , , Limpieza
 , , , , , , , , , , Construccion
 , , , , , , , , , , Apoyo
 , , , , , , , , , , Revision
 , , , , , , , , , , Mantenimiento
 , , , , , , , , , , Mantenimiento
 , , , , , , , , , , Apoyo
 , , , , , , , , , , Reparacion
 , , , , , , , , , , Revision
 , , , , , , , , , , Construccion
 , , , , , , , , , , Reparacion
 , , , , , , , , , , Reparacion
 , , , , , , , , , , Reparacion
 , , , , , , , , , , Construccion
 , , , , , , , , , , Mantenimiento
 , , , , , , , , , , Revision
 , , , , , , , , , , Mantenimiento
 , , , , , , , , , , Limpieza
 , , , , , , , , , , Mantenimiento
 , , , , , , , , , , Reparacion
Adrian, Atayde, Acosta, 21, 18,Rue Ketels,Bruxelles,1020, 57, 1, 44, 2
 , , , , , , , , , , , Revision
 , , , , , , , , , , , Mantenimiento
 , , , , , , , , , , Apoyo
 , , , , , , , , , , Reparacion
 , , , , , , , , , , Reparacion
 , , , , , , , , , , Limpieza
 , , , , , , , , , , Construccion
 , , , , , , , , , , Apoyo
 , , , , , , , , , , Revision
 , , , , , , , , , , Mantenimiento
 , , , , , , , , , , Mantenimiento
 , , , , , , , , , , Apoyo
 , , , , , , , , , , Reparacion
 , , , , , , , , , , Revision
 , , , , , , , , , , Construccion
 , , , , , , , , , , Reparacion
 , , , , , , , , , , Reparacion
 , , , , , , , , , , Reparacion
 , , , , , , , , , , Construccion
 , , , , , , , , , , Mantenimiento
 , , , , , , , , , , Revision
 , , , , , , , , , , Mantenimiento
 , , , , , , , , , , Limpieza
 , , , , , , , , , , Mantenimiento
 , , , , , , , , , , Reparacion
 , , , , , , , , , , Reparacion
 , , , , , , , , , , Limpieza
 , , , , , , , , , , Construccion
 , , , , , , , , , , Limpieza
 , , , , , , , , , , Construccion
 , , , , , , , , , , Construccion
 , , , , , , , , , , Limpieza
 , , , , , , , , , , Limpieza
 , , , , , , , , , , Revision
 , , , , , , , , , , Mantenimiento
 , , , , , , , , , , Limpieza
 , , , , , , , , , , Revision
 , , , , , , , , , , Mantenimiento
 , , , , , , , , , , Revision
 , , , , , , , , , , Reparacion
 , , , , , , , , , , Reparacion
 , , , , , , , , , , Limpieza
 , , , , , , , , , , Construccion
 , , , , , , , , , , Apoyo
 , , , , , , , , , , Limpieza
 , , , , , , , , , , Revision
Mariana, Campos, Mejia, 73, 21,Rue Henri De Saegher,Molenbeek-Saint-Jean,1080, 58, 15, 28, 3
 , , , , , , , , , , , Revision
 , , , , , , , , , , , Mantenimiento
 , , , , , , , , , , , Limpieza
 , , , , , , , , , , Apoyo
 , , , , , , , , , , Reparacion
 , , , , , , , , , , Reparacion
 , , , , , , , , , , Limpieza
 , , , , , , , , , , Construccion
 , , , , , , , , , , Apoyo
 , , , , , , , , , , Revision
 , , , , , , , , , , Mantenimiento
 , , , , , , , , , , Mantenimiento
 , , , , , , , , , , Apoyo
 , , , , , , , , , , Reparacion
 , , , , , , , , , , Revision
 , , , , , , , , , , Construccion
 , , , , , , , , , , Reparacion
 , , , , , , , , , , Reparacion
 , , , , , , , , , , Reparacion
 , , , , , , , , , , Construccion
 , , , , , , , , , , Mantenimiento
 , , , , , , , , , , Revision
 , , , , , , , , , , Mantenimiento
 , , , , , , , , , , Limpieza
 , , , , , , , , , , Mantenimiento
 , , , , , , , , , , Reparacion
 , , , , , , , , , , Reparacion
 , , , , , , , , , , Limpieza
 , , , , , , , , , , Construccion
 , , , , , , , , , , Limpieza
 , , , , , , , , , , Construccion
Alma, Acosta, Orozco, 72, 44,Rue de la Perche,Saint-Gilles,1060, 59, 11, 22, 2
 , , , , , , , , , , , Revision
 , , , , , , , , , , , Mantenimiento
 , , , , , , , , , , Apoyo
 , , , , , , , , , , Reparacion
 , , , , , , , , , , Reparacion
 , , , , , , , , , , Limpieza
 , , , , , , , , , , Construccion
 , , , , , , , , , , Apoyo
 , , , , , , , , , , Revision
 , , , , , , , , , , Mantenimiento
 , , , , , , , , , , Mantenimiento
 , , , , , , , , , , Apoyo
 , , , , , , , , , , Reparacion
 , , , , , , , , , , Revision
 , , , , , , , , , , Construccion
 , , , , , , , , , , Reparacion
 , , , , , , , , , , Reparacion
 , , , , , , , , , , Reparacion
 , , , , , , , , , , Construccion
 , , , , , , , , , , Mantenimiento
 , , , , , , , , , , Revision
 , , , , , , , , , , Mantenimiento
 , , , , , , , , , , Limpieza
 , , , , , , , , , , Mantenimiento
Jade, Medina, Orozco, 24, 2,Rue Ketels,Bruxelles,1020, 60, 7, 19, 2
 , , , , , , , , , , , Revision
 , , , , , , , , , , , Mantenimiento
 , , , , , , , , , , Apoyo
 , , , , , , , , , , Reparacion
 , , , , , , , , , , Reparacion
 , , , , , , , , , , Limpieza
 , , , , , , , , , , Construccion
 , , , , , , , , , , Apoyo
 , , , , , , , , , , Revision
 , , , , , , , , , , Mantenimiento
 , , , , , , , , , , Mantenimiento
 , , , , , , , , , , Apoyo
 , , , , , , , , , , Reparacion
 , , , , , , , , , , Revision
 , , , , , , , , , , Construccion
 , , , , , , , , , , Reparacion
 , , , , , , , , , , Reparacion
 , , , , , , , , , , Reparacion
 , , , , , , , , , , Construccion
 , , , , , , , , , , Mantenimiento
 , , , , , , , , , , Revision
Francisco, Orozco, Diaz, 28, 18,Rue Ketels,Bruxelles,1020, 61, 19, 24, 1
 , , , , , , , , , , , Revision
 , , , , , , , , , , Apoyo
 , , , , , , , , , , Reparacion
 , , , , , , , , , , Reparacion
 , , , , , , , , , , Limpieza
 , , , , , , , , , , Construccion
 , , , , , , , , , , Apoyo
 , , , , , , , , , , Revision
 , , , , , , , , , , Mantenimiento
 , , , , , , , , , , Mantenimiento
 , , , , , , , , , , Apoyo
 , , , , , , , , , , Reparacion
 , , , , , , , , , , Revision
 , , , , , , , , , , Construccion
 , , , , , , , , , , Reparacion
 , , , , , , , , , , Reparacion
 , , , , , , , , , , Reparacion
 , , , , , , , , , , Construccion
 , , , , , , , , , , Mantenimiento
 , , , , , , , , , , Revision
 , , , , , , , , , , Mantenimiento
 , , , , , , , , , , Limpieza
 , , , , , , , , , , Mantenimiento
 , , , , , , , , , , Reparacion
 , , , , , , , , , , Reparacion
Pepe, Baños, Mendez, 20, 21,Rue Henri De Saegher,Molenbeek-Saint-Jean,1080, 62, 2, 26, 1
 , , , , , , , , , , , Revision
 , , , , , , , , , , Apoyo
 , , , , , , , , , , Reparacion
 , , , , , , , , , , Reparacion
 , , , , , , , , , , Limpieza
 , , , , , , , , , , Construccion
 , , , , , , , , , , Apoyo
 , , , , , , , , , , Revision
 , , , , , , , , , , Mantenimiento
 , , , , , , , , , , Mantenimiento
 , , , , , , , , , , Apoyo
 , , , , , , , , , , Reparacion
 , , , , , , , , , , Revision
 , , , , , , , , , , Construccion
 , , , , , , , , , , Reparacion
 , , , , , , , , , , Reparacion
 , , , , , , , , , , Reparacion
 , , , , , , , , , , Construccion
 , , , , , , , , , , Mantenimiento
 , , , , , , , , , , Revision
 , , , , , , , , , , Mantenimiento
 , , , , , , , , , , Limpieza
 , , , , , , , , , , Mantenimiento
 , , , , , , , , , , Reparacion
 , , , , , , , , , , Reparacion
 , , , , , , , , , , Limpieza
 , , , , , , , , , , Construccion
Victor, Diaz, Cruz, 67, 2,Rue Ketels,Bruxelles,1020, 63, 17, 15, 3
 , , , , , , , , , , , Revision
 , , , , , , , , , , , Mantenimiento
 , , , , , , , , , , , Limpieza
 , , , , , , , , , , Apoyo
 , , , , , , , , , , Reparacion
 , , , , , , , , , , Reparacion
 , , , , , , , , , , Limpieza
 , , , , , , , , , , Construccion
 , , , , , , , , , , Apoyo
 , , , , , , , , , , Revision
 , , , , , , , , , , Mantenimiento
 , , , , , , , , , , Mantenimiento
 , , , , , , , , , , Apoyo
 , , , , , , , , , , Reparacion
 , , , , , , , , , , Revision
 , , , , , , , , , , Construccion
 , , , , , , , , , , Reparacion
 , , , , , , , , , , Reparacion
Alma, Acosta, Avila, 44, 21,Rue Henri De Saegher,Molenbeek-Saint-Jean,1080, 64, 11, 30, 2
 , , , , , , , , , , , Revision
 , , , , , , , , , , , Mantenimiento
 , , , , , , , , , , Apoyo
 , , , , , , , , , , Reparacion
 , , , , , , , , , , Reparacion
 , , , , , , , , , , Limpieza
 , , , , , , , , , , Construccion
 , , , , , , , , , , Apoyo
 , , , , , , , , , , Revision
 , , , , , , , , , , Mantenimiento
 , , , , , , , , , , Mantenimiento
 , , , , , , , , , , Apoyo
 , , , , , , , , , , Reparacion
 , , , , , , , , , , Revision
 , , , , , , , , , , Construccion
 , , , , , , , , , , Reparacion
 , , , , , , , , , , Reparacion
 , , , , , , , , , , Reparacion
 , , , , , , , , , , Construccion
 , , , , , , , , , , Mantenimiento
 , , , , , , , , , , Revision
 , , , , , , , , , , Mantenimiento
 , , , , , , , , , , Limpieza
 , , , , , , , , , , Mantenimiento
 , , , , , , , , , , Reparacion
 , , , , , , , , , , Reparacion
 , , , , , , , , , , Limpieza
 , , , , , , , , , , Construccion
 , , , , , , , , , , Limpieza
 , , , , , , , , , , Construccion
 , , , , , , , , , , Construccion
 , , , , , , , , , , Limpieza
Romeo, Mejia, Cruz, 40, 115,Avenue des Pagodes,Bruxelles,1020, 65, 0, 19, 1
 , , , , , , , , , , , Revision
 , , , , , , , , , , Apoyo
 , , , , , , , , , , Reparacion
 , , , , , , , , , , Reparacion
 , , , , , , , , , , Limpieza
 , , , , , , , , , , Construccion
 , , , , , , , , , , Apoyo
 , , , , , , , , , , Revision
 , , , , , , , , , , Mantenimiento
 , , , , , , , , , , Mantenimiento
 , , , , , , , , , , Apoyo
 , , , , , , , , , , Reparacion
 , , , , , , , , , , Revision
 , , , , , , , , , , Construccion
 , , , , , , , , , , Reparacion
 , , , , , , , , , , Reparacion
 , , , , , , , , , , Reparacion
 , , , , , , , , , , Construccion
 , , , , , , , , , , Mantenimiento
 , , , , , , , , , , Revision
Francisco, Orozco, Orozco, 72, 44,Rue de la Perche,Saint-Gilles,1060, 66, 19, 35, 1
 , , , , , , , , , , , Revision
 , , , , , , , , , , Apoyo
 , , , , , , , , , , Reparacion
 , , , , , , , , , , Reparacion
 , , , , , , , , , , Limpieza
 , , , , , , , , , , Construccion
 , , , , , , , , , , Apoyo
 , , , , , , , , , , Revision
 , , , , , , , , , , Mantenimiento
 , , , , , , , , , , Mantenimiento
 , , , , , , , , , , Apoyo
 , , , , , , , , , , Reparacion
 , , , , , , , , , , Revision
 , , , , , , , , , , Construccion
 , , , , , , , , , , Reparacion
 , , , , , , , , , , Reparacion
 , , , , , , , , , , Reparacion
 , , , , , , , , , , Construccion
 , , , , , , , , , , Mantenimiento
 , , , , , , , , , , Revision
 , , , , , , , , , , Mantenimiento
 , , , , , , , , , , Limpieza
 , , , , , , , , , , Mantenimiento
 , , , , , , , , , , Reparacion
 , , , , , , , , , , Reparacion
 , , , , , , , , , , Limpieza
 , , , , , , , , , , Construccion
 , , , , , , , , , , Limpieza
 , , , , , , , , , , Construccion
 , , , , , , , , , , Construccion
 , , , , , , , , , , Limpieza
 , , , , , , , , , , Limpieza
 , , , , , , , , , , Revision
 , , , , , , , , , , Mantenimiento
 , , , , , , , , , , Limpieza
 , , , , , , , , , , Revision
Emanuel, Perez, Orozco, 67, 2,Rue Ketels,Bruxelles,1020, 67, 9, 8, 2
 , , , , , , , , , , , Revision
 , , , , , , , , , , , Mantenimiento
 , , , , , , , , , , Apoyo
 , , , , , , , , , , Reparacion
 , , , , , , , , , , Reparacion
 , , , , , , , , , , Limpieza
 , , , , , , , , , , Construccion
 , , , , , , , , , , Apoyo
 , , , , , , , , , , Revision
 , , , , , , , , , , Mantenimiento
Francisco, Orozco, Acosta, 42, 21,Rue Henri De Saegher,Molenbeek-Saint-Jean,1080, 68, 19, 20, 1
 , , , , , , , , , , , Revision
 , , , , , , , , , , Apoyo
 , , , , , , , , , , Reparacion
 , , , , , , , , , , Reparacion
 , , , , , , , , , , Limpieza
 , , , , , , , , , , Construccion
 , , , , , , , , , , Apoyo
 , , , , , , , , , , Revision
 , , , , , , , , , , Mantenimiento
 , , , , , , , , , , Mantenimiento
 , , , , , , , , , , Apoyo
 , , , , , , , , , , Reparacion
 , , , , , , , , , , Revision
 , , , , , , , , , , Construccion
 , , , , , , , , , , Reparacion
 , , , , , , , , , , Reparacion
 , , , , , , , , , , Reparacion
 , , , , , , , , , , Construccion
 , , , , , , , , , , Mantenimiento
 , , , , , , , , , , Revision
 , , , , , , , , , , Mantenimiento
Francisco, Orozco, Campos, 63, 207,Boulevard Emile Bockstael,Bruxelles,1020, 69, 19, 11, 1
 , , , , , , , , , , , Revision
 , , , , , , , , , , Apoyo
 , , , , , , , , , , Reparacion
 , , , , , , , , , , Reparacion
 , , , , , , , , , , Limpieza
 , , , , , , , , , , Construccion
 , , , , , , , , , , Apoyo
 , , , , , , , , , , Revision
 , , , , , , , , , , Mantenimiento
 , , , , , , , , , , Mantenimiento
 , , , , , , , , , , Apoyo
 , , , , , , , , , , Reparacion
Carlos, Cruz, Baños, 43, 207,Boulevard Emile Bockstael,Bruxelles,1020, 70, 16, 25, 1
 , , , , , , , , , , , Revision
 , , , , , , , , , , Apoyo
 , , , , , , , , , , Reparacion
 , , , , , , , , , , Reparacion
 , , , , , , , , , , Limpieza
 , , , , , , , , , , Construccion
 , , , , , , , , , , Apoyo
 , , , , , , , , , , Revision
 , , , , , , , , , , Mantenimiento
 , , , , , , , , , , Mantenimiento
 , , , , , , , , , , Apoyo
 , , , , , , , , , , Reparacion
 , , , , , , , , , , Revision
 , , , , , , , , , , Construccion
 , , , , , , , , , , Reparacion
 , , , , , , , , , , Reparacion
 , , , , , , , , , , Reparacion
 , , , , , , , , , , Construccion
 , , , , , , , , , , Mantenimiento
 , , , , , , , , , , Revision
 , , , , , , , , , , Mantenimiento
 , , , , , , , , , , Limpieza
 , , , , , , , , , , Mantenimiento
 , , , , , , , , , , Reparacion
 , , , , , , , , , , Reparacion
 , , , , , , , , , , Limpieza
Silvia, Barrera, Garcia, 51, 115,Avenue des Pagodes,Bruxelles,1020, 71, 14, 16, 1
 , , , , , , , , , , , Revision
 , , , , , , , , , , Apoyo
 , , , , , , , , , , Reparacion
 , , , , , , , , , , Reparacion
 , , , , , , , , , , Limpieza
 , , , , , , , , , , Construccion
 , , , , , , , , , , Apoyo
 , , , , , , , , , , Revision
 , , , , , , , , , , Mantenimiento
 , , , , , , , , , , Mantenimiento
 , , , , , , , , , , Apoyo
 , , , , , , , , , , Reparacion
 , , , , , , , , , , Revision
 , , , , , , , , , , Construccion
 , , , , , , , , , , Reparacion
 , , , , , , , , , , Reparacion
 , , , , , , , , , , Reparacion
Oscar, Rangel, Lopez, 30, 207,Boulevard Emile Bockstael,Bruxelles,1020, 72, 3, 5, 3
 , , , , , , , , , , , Revision
 , , , , , , , , , , , Mantenimiento
 , , , , , , , , , , , Limpieza
 , , , , , , , , , , Apoyo
 , , , , , , , , , , Reparacion
 , , , , , , , , , , Reparacion
 , , , , , , , , , , Limpieza
 , , , , , , , , , , Construccion
Victor, Diaz, Mejia, 67, 2,Rue Ketels,Bruxelles,1020, 73, 17, 10, 2
 , , , , , , , , , , , Revision
 , , , , , , , , , , , Mantenimiento
 , , , , , , , , , , Apoyo
 , , , , , , , , , , Reparacion
 , , , , , , , , , , Reparacion
 , , , , , , , , , , Limpieza
 , , , , , , , , , , Construccion
 , , , , , , , , , , Apoyo
 , , , , , , , , , , Revision
 , , , , , , , , , , Mantenimiento
 , , , , , , , , , , Mantenimiento
 , , , , , , , , , , Apoyo
Alejandro, Neri, Perez, 48, 44,Rue de la Perche,Saint-Gilles,1060, 74, 8, 38, 3
 , , , , , , , , , , , Revision
 , , , , , , , , , , , Mantenimiento
 , , , , , , , , , , , Limpieza
 , , , , , , , , , , Apoyo
 , , , , , , , , , , Reparacion
 , , , , , , , , , , Reparacion
 , , , , , , , , , , Limpieza
 , , , , , , , , , , Construccion
 , , , , , , , , , , Apoyo
 , , , , , , , , , , Revision
 , , , , , , , , , , Mantenimiento
 , , , , , , , , , , Mantenimiento
 , , , , , , , , , , Apoyo
 , , , , , , , , , , Reparacion
 , , , , , , , , , , Revision
 , , , , , , , , , , Construccion
 , , , , , , , , , , Reparacion
 , , , , , , , , , , Reparacion
 , , , , , , , , , , Reparacion
 , , , , , , , , , , Construccion
 , , , , , , , , , , Mantenimiento
 , , , , , , , , , , Revision
 , , , , , , , , , , Mantenimiento
 , , , , , , , , , , Limpieza
 , , , , , , , , , , Mantenimiento
 , , , , , , , , , , Reparacion
 , , , , , , , , , , Reparacion
 , , , , , , , , , , Limpieza
 , , , , , , , , , , Construccion
 , , , , , , , , , , Limpieza
 , , , , , , , , , , Construccion
 , , , , , , , , , , Construccion
 , , , , , , , , , , Limpieza
 , , , , , , , , , , Limpieza
 , , , , , , , , , , Revision
 , , , , , , , , , , Mantenimiento
 , , , , , , , , , , Limpieza
 , , , , , , , , , , Revision
 , , , , , , , , , , Mantenimiento
 , , , , , , , , , , Revision
 , , , , , , , , , , Reparacion
Diego, Mendez, Perez, 48, 115,Avenue des Pagodes,Bruxelles,1020, 75, 4, 22, 2
 , , , , , , , , , , , Revision
 , , , , , , , , , , , Mantenimiento
 , , , , , , , , , , Apoyo
 , , , , , , , , , , Reparacion
 , , , , , , , , , , Reparacion
 , , , , , , , , , , Limpieza
 , , , , , , , , , , Construccion
 , , , , , , , , , , Apoyo
 , , , , , , , , , , Revision
 , , , , , , , , , , Mantenimiento
 , , , , , , , , , , Mantenimiento
 , , , , , , , , , , Apoyo
 , , , , , , , , , , Reparacion
 , , , , , , , , , , Revision
 , , , , , , , , , , Construccion
 , , , , , , , , , , Reparacion
 , , , , , , , , , , Reparacion
 , , , , , , , , , , Reparacion
 , , , , , , , , , , Construccion
 , , , , , , , , , , Mantenimiento
 , , , , , , , , , , Revision
 , , , , , , , , , , Mantenimiento
 , , , , , , , , , , Limpieza
 , , , , , , , , , , Mantenimiento
Pepe, Baños, Orozco, 77, 2,Rue Ketels,Bruxelles,1020, 76, 2, 34, 3
 , , , , , , , , , , , Revision
 , , , , , , , , , , , Mantenimiento
 , , , , , , , , , , , Limpieza
 , , , , , , , , , , Apoyo
 , , , , , , , , , , Reparacion
 , , , , , , , , , , Reparacion
 , , , , , , , , , , Limpieza
 , , , , , , , , , , Construccion
 , , , , , , , , , , Apoyo
 , , , , , , , , , , Revision
 , , , , , , , , , , Mantenimiento
 , , , , , , , , , , Mantenimiento
 , , , , , , , , , , Apoyo
 , , , , , , , , , , Reparacion
 , , , , , , , , , , Revision
 , , , , , , , , , , Construccion
 , , , , , , , , , , Reparacion
 , , , , , , , , , , Reparacion
 , , , , , , , , , , Reparacion
 , , , , , , , , , , Construccion
 , , , , , , , , , , Mantenimiento
 , , , , , , , , , , Revision
 , , , , , , , , , , Mantenimiento
 , , , , , , , , , , Limpieza
 , , , , , , , , , , Mantenimiento
 , , , , , , , , , , Reparacion
 , , , , , , , , , , Reparacion
 , , , , , , , , , , Limpieza
 , , , , , , , , , , Construccion
 , , , , , , , , , , Limpieza
 , , , , , , , , , , Construccion
 , , , , , , , , , , Construccion
 , , , , , , , , , , Limpieza
 , , , , , , , , , , Limpieza
 , , , , , , , , , , Revision
 , , , , , , , , , , Mantenimiento
 , , , , , , , , , , Limpieza
Mariana, Campos, Avila, 24, 2,Rue Ketels,Bruxelles,1020, 77, 15, 36, 2
 , , , , , , , , , , , Revision
 , , , , , , , , , , , Mantenimiento
 , , , , , , , , , , Apoyo
 , , , , , , , , , , Reparacion
 , , , , , , , , , , Reparacion
 , , , , , , , , , , Limpieza
 , , , , , , , , , , Construccion
 , , , , , , , , , , Apoyo
 , , , , , , , , , , Revision
 , , , , , , , , , , Mantenimiento
 , , , , , , , , , , Mantenimiento
 , , , , , , , , , , Apoyo
 , , , , , , , , , , Reparacion
 , , , , , , , , , , Revision
 , , , , , , , , , , Construccion
 , , , , , , , , , , Reparacion
 , , , , , , , , , , Reparacion
 , , , , , , , , , , Reparacion
 , , , , , , , , , , Construccion
 , , , , , , , , , , Mantenimiento
 , , , , , , , , , , Revision
 , , , , , , , , , , Mantenimiento
 , , , , , , , , , , Limpieza
 , , , , , , , , , , Mantenimiento
 , , , , , , , , , , Reparacion
 , , , , , , , , , , Reparacion
 , , , , , , , , , , Limpieza
 , , , , , , , , , , Construccion
 , , , , , , , , , , Limpieza
 , , , , , , , , , , Construccion
 , , , , , , , , , , Construccion
 , , , , , , , , , , Limpieza
 , , , , , , , , , , Limpieza
 , , , , , , , , , , Revision
 , , , , , , , , , , Mantenimiento
 , , , , , , , , , , Limpieza
 , , , , , , , , , , Revision
 , , , , , , , , , , Mantenimiento
Julieta, Garcia, Baños, 72, 207,Boulevard Emile Bockstael,Bruxelles,1020, 78, 18, 5, 1
 , , , , , , , , , , , Revision
 , , , , , , , , , , Apoyo
 , , , , , , , , , , Reparacion
 , , , , , , , , , , Reparacion
 , , , , , , , , , , Limpieza
 , , , , , , , , , , Construccion
Julieta, Garcia, Cruz, 62, 44,Rue de la Perche,Saint-Gilles,1060, 79, 18, 8, 3
 , , , , , , , , , , , Revision
 , , , , , , , , , , , Mantenimiento
 , , , , , , , , , , , Limpieza
 , , , , , , , , , , Apoyo
 , , , , , , , , , , Reparacion
 , , , , , , , , , , Reparacion
 , , , , , , , , , , Limpieza
 , , , , , , , , , , Construccion
 , , , , , , , , , , Apoyo
 , , , , , , , , , , Revision
 , , , , , , , , , , Mantenimiento
Pepe, Baños, Lopez, 71, 21,Rue Henri De Saegher,Molenbeek-Saint-Jean,1080, 80, 2, 9, 2
 , , , , , , , , , , , Revision
 , , , , , , , , , , , Mantenimiento
 , , , , , , , , , , Apoyo
 , , , , , , , , , , Reparacion
 , , , , , , , , , , Reparacion
 , , , , , , , , , , Limpieza
 , , , , , , , , , , Construccion
 , , , , , , , , , , Apoyo
 , , , , , , , , , , Revision
 , , , , , , , , , , Mantenimiento
 , , , , , , , , , , Mantenimiento
Guadalupe, Aguilar, Avila, 24, 2,Rue Ketels,Bruxelles,1020, 81, 12, 0, 3
 , , , , , , , , , , , Revision
 , , , , , , , , , , , Mantenimiento
 , , , , , , , , , , , Limpieza
Silvia, Barrera, Medina, 57, 115,Avenue des Pagodes,Bruxelles,1020, 82, 14, 40, 3
 , , , , , , , , , , , Revision
 , , , , , , , , , , , Mantenimiento
 , , , , , , , , , , , Limpieza
 , , , , , , , , , , Apoyo
 , , , , , , , , , , Reparacion
 , , , , , , , , , , Reparacion
 , , , , , , , , , , Limpieza
 , , , , , , , , , , Construccion
 , , , , , , , , , , Apoyo
 , , , , , , , , , , Revision
 , , , , , , , , , , Mantenimiento
 , , , , , , , , , , Mantenimiento
 , , , , , , , , , , Apoyo
 , , , , , , , , , , Reparacion
 , , , , , , , , , , Revision
 , , , , , , , , , , Construccion
 , , , , , , , , , , Reparacion
 , , , , , , , , , , Reparacion
 , , , , , , , , , , Reparacion
 , , , , , , , , , , Construccion
 , , , , , , , , , , Mantenimiento
 , , , , , , , , , , Revision
 , , , , , , , , , , Mantenimiento
 , , , , , , , , , , Limpieza
 , , , , , , , , , , Mantenimiento
 , , , , , , , , , , Reparacion
 , , , , , , , , , , Reparacion
 , , , , , , , , , , Limpieza
 , , , , , , , , , , Construccion
 , , , , , , , , , , Limpieza
 , , , , , , , , , , Construccion
 , , , , , , , , , , Construccion
 , , , , , , , , , , Limpieza
 , , , , , , , , , , Limpieza
 , , , , , , , , , , Revision
 , , , , , , , , , , Mantenimiento
 , , , , , , , , , , Limpieza
 , , , , , , , , , , Revision
 , , , , , , , , , , Mantenimiento
 , , , , , , , , , , Revision
 , , , , , , , , , , Reparacion
 , , , , , , , , , , Reparacion
 , , , , , , , , , , Limpieza
Sara, Avila, Neri, 19, 207,Boulevard Emile Bockstael,Bruxelles,1020, 83, 13, 6, 2
 , , , , , , , , , , , Revision
 , , , , , , , , , , , Mantenimiento
 , , , , , , , , , , Apoyo
 , , , , , , , , , , Reparacion
 , , , , , , , , , , Reparacion
 , , , , , , , , , , Limpieza
 , , , , , , , , , , Construccion
 , , , , , , , , , , Apoyo
Diego, Mendez, Cruz, 73, 207,Boulevard Emile Bockstael,Bruxelles,1020, 84, 4, 2, 1
 , , , , , , , , , , , Revision
 , , , , , , , , , , Apoyo
 , , , , , , , , , , Reparacion
Sara, Avila, Garcia, 53, 115,Avenue des Pagodes,Bruxelles,1020, 85, 13, 4, 1
 , , , , , , , , , , , Revision
 , , , , , , , , , , Apoyo
 , , , , , , , , , , Reparacion
 , , , , , , , , , , Reparacion
 , , , , , , , , , , Limpieza
Sara, Avila, Atayde, 59, 18,Rue Ketels,Bruxelles,1020, 86, 13, 35, 2
 , , , , , , , , , , , Revision
 , , , , , , , , , , , Mantenimiento
 , , , , , , , , , , Apoyo
 , , , , , , , , , , Reparacion
 , , , , , , , , , , Reparacion
 , , , , , , , , , , Limpieza
 , , , , , , , , , , Construccion
 , , , , , , , , , , Apoyo
 , , , , , , , , , , Revision
 , , , , , , , , , , Mantenimiento
 , , , , , , , , , , Mantenimiento
 , , , , , , , , , , Apoyo
 , , , , , , , , , , Reparacion
 , , , , , , , , , , Revision
 , , , , , , , , , , Construccion
 , , , , , , , , , , Reparacion
 , , , , , , , , , , Reparacion
 , , , , , , , , , , Reparacion
 , , , , , , , , , , Construccion
 , , , , , , , , , , Mantenimiento
 , , , , , , , , , , Revision
 , , , , , , , , , , Mantenimiento
 , , , , , , , , , , Limpieza
 , , , , , , , , , , Mantenimiento
 , , , , , , , , , , Reparacion
 , , , , , , , , , , Reparacion
 , , , , , , , , , , Limpieza
 , , , , , , , , , , Construccion
 , , , , , , , , , , Limpieza
 , , , , , , , , , , Construccion
 , , , , , , , , , , Construccion
 , , , , , , , , , , Limpieza
 , , , , , , , , , , Limpieza
 , , , , , , , , , , Revision
 , , , , , , , , , , Mantenimiento
 , , , , , , , , , , Limpieza
 , , , , , , , , , , Revision
Francisco, Orozco, Barrera, 22, 115,Avenue des Pagodes,Bruxelles,1020, 87, 19, 9, 1
 , , , , , , , , , , , Revision
 , , , , , , , , , , Apoyo
 , , , , , , , , , , Reparacion
 , , , , , , , , , , Reparacion
 , , , , , , , , , , Limpieza
 , , , , , , , , , , Construccion
 , , , , , , , , , , Apoyo
 , , , , , , , , , , Revision
 , , , , , , , , , , Mantenimiento
 , , , , , , , , , , Mantenimiento
Jade, Medina, Avila, 62, 115,Avenue des Pagodes,Bruxelles,1020, 88, 7, 31, 3
 , , , , , , , , , , , Revision
 , , , , , , , , , , , Mantenimiento
 , , , , , , , , , , , Limpieza
 , , , , , , , , , , Apoyo
 , , , , , , , , , , Reparacion
 , , , , , , , , , , Reparacion
 , , , , , , , , , , Limpieza
 , , , , , , , , , , Construccion
 , , , , , , , , , , Apoyo
 , , , , , , , , , , Revision
 , , , , , , , , , , Mantenimiento
 , , , , , , , , , , Mantenimiento
 , , , , , , , , , , Apoyo
 , , , , , , , , , , Reparacion
 , , , , , , , , , , Revision
 , , , , , , , , , , Construccion
 , , , , , , , , , , Reparacion
 , , , , , , , , , , Reparacion
 , , , , , , , , , , Reparacion
 , , , , , , , , , , Construccion
 , , , , , , , , , , Mantenimiento
 , , , , , , , , , , Revision
 , , , , , , , , , , Mantenimiento
 , , , , , , , , , , Limpieza
 , , , , , , , , , , Mantenimiento
 , , , , , , , , , , Reparacion
 , , , , , , , , , , Reparacion
 , , , , , , , , , , Limpieza
 , , , , , , , , , , Construccion
 , , , , , , , , , , Limpieza
 , , , , , , , , , , Construccion
 , , , , , , , , , , Construccion
 , , , , , , , , , , Limpieza
 , , , , , , , , , , Limpieza
Francisco, Orozco, Diaz, 44, 44,Rue de la Perche,Saint-Gilles,1060, 89, 19, 13, 3
 , , , , , , , , , , , Revision
 , , , , , , , , , , , Mantenimiento
 , , , , , , , , , , , Limpieza
 , , , , , , , , , , Apoyo
 , , , , , , , , , , Reparacion
 , , , , , , , , , , Reparacion
 , , , , , , , , , , Limpieza
 , , , , , , , , , , Construccion
 , , , , , , , , , , Apoyo
 , , , , , , , , , , Revision
 , , , , , , , , , , Mantenimiento
 , , , , , , , , , , Mantenimiento
 , , , , , , , , , , Apoyo
 , , , , , , , , , , Reparacion
 , , , , , , , , , , Revision
 , , , , , , , , , , Construccion
Jade, Medina, Cruz, 47, 2,Rue Ketels,Bruxelles,1020, 90, 7, 27, 1
 , , , , , , , , , , , Revision
 , , , , , , , , , , Apoyo
 , , , , , , , , , , Reparacion
 , , , , , , , , , , Reparacion
 , , , , , , , , , , Limpieza
 , , , , , , , , , , Construccion
 , , , , , , , , , , Apoyo
 , , , , , , , , , , Revision
 , , , , , , , , , , Mantenimiento
 , , , , , , , , , , Mantenimiento
 , , , , , , , , , , Apoyo
 , , , , , , , , , , Reparacion
 , , , , , , , , , , Revision
 , , , , , , , , , , Construccion
 , , , , , , , , , , Reparacion
 , , , , , , , , , , Reparacion
 , , , , , , , , , , Reparacion
 , , , , , , , , , , Construccion
 , , , , , , , , , , Mantenimiento
 , , , , , , , , , , Revision
 , , , , , , , , , , Mantenimiento
 , , , , , , , , , , Limpieza
 , , , , , , , , , , Mantenimiento
 , , , , , , , , , , Reparacion
 , , , , , , , , , , Reparacion
 , , , , , , , , , , Limpieza
 , , , , , , , , , , Construccion
 , , , , , , , , , , Limpieza
Oscar, Rangel, Acosta, 46, 115,Avenue des Pagodes,Bruxelles,1020, 91, 3, 39, 3
 , , , , , , , , , , , Revision
 , , , , , , , , , , , Mantenimiento
 , , , , , , , , , , , Limpieza
 , , , , , , , , , , Apoyo
 , , , , , , , , , , Reparacion
 , , , , , , , , , , Reparacion
 , , , , , , , , , , Limpieza
 , , , , , , , , , , Construccion
 , , , , , , , , , , Apoyo
 , , , , , , , , , , Revision
 , , , , , , , , , , Mantenimiento
 , , , , , , , , , , Mantenimiento
 , , , , , , , , , , Apoyo
 , , , , , , , , , , Reparacion
 , , , , , , , , , , Revision
 , , , , , , , , , , Construccion
 , , , , , , , , , , Reparacion
 , , , , , , , , , , Reparacion
 , , , , , , , , , , Reparacion
 , , , , , , , , , , Construccion
 , , , , , , , , , , Mantenimiento
 , , , , , , , , , , Revision
 , , , , , , , , , , Mantenimiento
 , , , , , , , , , , Limpieza
 , , , , , , , , , , Mantenimiento
 , , , , , , , , , , Reparacion
 , , , , , , , , , , Reparacion
 , , , , , , , , , , Limpieza
 , , , , , , , , , , Construccion
 , , , , , , , , , , Limpieza
 , , , , , , , , , , Construccion
 , , , , , , , , , , Construccion
 , , , , , , , , , , Limpieza
 , , , , , , , , , , Limpieza
 , , , , , , , , , , Revision
 , , , , , , , , , , Mantenimiento
 , , , , , , , , , , Limpieza
 , , , , , , , , , , Revision
 , , , , , , , , , , Mantenimiento
 , , , , , , , , , , Revision
 , , , , , , , , , , Reparacion
 , , , , , , , , , , Reparacion
Isabela, Rosales, Mejia, 57, 44,Rue de la Perche,Saint-Gilles,1060, 92, 10, 26, 1
 , , , , , , , , , , , Revision
 , , , , , , , , , , Apoyo
 , , , , , , , , , , Reparacion
 , , , , , , , , , , Reparacion
 , , , , , , , , , , Limpieza
 , , , , , , , , , , Construccion
 , , , , , , , , , , Apoyo
 , , , , , , , , , , Revision
 , , , , , , , , , , Mantenimiento
 , , , , , , , , , , Mantenimiento
 , , , , , , , , , , Apoyo
 , , , , , , , , , , Reparacion
 , , , , , , , , , , Revision
 , , , , , , , , , , Construccion
 , , , , , , , , , , Reparacion
 , , , , , , , , , , Reparacion
 , , , , , , , , , , Reparacion
 , , , , , , , , , , Construccion
 , , , , , , , , , , Mantenimiento
 , , , , , , , , , , Revision
 , , , , , , , , , , Mantenimiento
 , , , , , , , , , , Limpieza
 , , , , , , , , , , Mantenimiento
 , , , , , , , , , , Reparacion
 , , , , , , , , , , Reparacion
 , , , , , , , , , , Limpieza
 , , , , , , , , , , Construccion
Guadalupe, Aguilar, Rosales, 75, 115,Avenue des Pagodes,Bruxelles,1020, 93, 12, 15, 2
 , , , , , , , , , , , Revision
 , , , , , , , , , , , Mantenimiento
 , , , , , , , , , , Apoyo
 , , , , , , , , , , Reparacion
 , , , , , , , , , , Reparacion
 , , , , , , , , , , Limpieza
 , , , , , , , , , , Construccion
 , , , , , , , , , , Apoyo
 , , , , , , , , , , Revision
 , , , , , , , , , , Mantenimiento
 , , , , , , , , , , Mantenimiento
 , , , , , , , , , , Apoyo
 , , , , , , , , , , Reparacion
 , , , , , , , , , , Revision
 , , , , , , , , , , Construccion
 , , , , , , , , , , Reparacion
 , , , , , , , , , , Reparacion
Jade, Medina, Acosta, 77, 21,Rue Henri De Saegher,Molenbeek-Saint-Jean,1080, 94, 7, 21, 3
 , , , , , , , , , , , Revision
 , , , , , , , , , , , Mantenimiento
 , , , , , , , , , , , Limpieza
 , , , , , , , , , , Apoyo
 , , , , , , , , , , Reparacion
 , , , , , , , , , , Reparacion
 , , , , , , , , , , Limpieza
 , , , , , , , , , , Construccion
 , , , , , , , , , , Apoyo
 , , , , , , , , , , Revision
 , , , , , , , , , , Mantenimiento
 , , , , , , , , , , Mantenimiento
 , , , , , , , , , , Apoyo
 , , , , , , , , , , Reparacion
 , , , , , , , , , , Revision
 , , , , , , , , , , Construccion
 , , , , , , , , , , Reparacion
 , , , , , , , , , , Reparacion
 , , , , , , , , , , Reparacion
 , , , , , , , , , , Construccion
 , , , , , , , , , , Mantenimiento
 , , , , , , , , , , Revision
 , , , , , , , , , , Mantenimiento
 , , , , , , , , , , Limpieza
Guadalupe, Aguilar, Rangel, 33, 44,Rue de la Perche,Saint-Gilles,1060, 95, 12, 19, 1
 , , , , , , , , , , , Revision
 , , , , , , , , , , Apoyo
 , , , , , , , , , , Reparacion
 , , , , , , , , , , Reparacion
 , , , , , , , , , , Limpieza
 , , , , , , , , , , Construccion
 , , , , , , , , , , Apoyo
 , , , , , , , , , , Revision
 , , , , , , , , , , Mantenimiento
 , , , , , , , , , , Mantenimiento
 , , , , , , , , , , Apoyo
 , , , , , , , , , , Reparacion
 , , , , , , , , , , Revision
 , , , , , , , , , , Construccion
 , , , , , , , , , , Reparacion
 , , , , , , , , , , Reparacion
 , , , , , , , , , , Reparacion
 , , , , , , , , , , Construccion
 , , , , , , , , , , Mantenimiento
 , , , , , , , , , , Revision
Romeo, Mejia, Medina, 53, 21,Rue Henri De Saegher,Molenbeek-Saint-Jean,1080, 96, 0, 6, 2
 , , , , , , , , , , , Revision
 , , , , , , , , , , , Mantenimiento
 , , , , , , , , , , Apoyo
 , , , , , , , , , , Reparacion
 , , , , , , , , , , Reparacion
 , , , , , , , , , , Limpieza
 , , , , , , , , , , Construccion
 , , , , , , , , , , Apoyo
Adrian, Atayde, Diaz, 73, 207,Boulevard Emile Bockstael,Bruxelles,1020, 97, 1, 15, 2
 , , , , , , , , , , , Revision
 , , , , , , , , , , , Mantenimiento
 , , , , , , , , , , Apoyo
 , , , , , , , , , , Reparacion
 , , , , , , , , , , Reparacion
 , , , , , , , , , , Limpieza
 , , , , , , , , , , Construccion
 , , , , , , , , , , Apoyo
 , , , , , , , , , , Revision
 , , , , , , , , , , Mantenimiento
 , , , , , , , , , , Mantenimiento
 , , , , , , , , , , Apoyo
 , , , , , , , , , , Reparacion
 , , , , , , , , , , Revision
 , , , , , , , , , , Construccion
 , , , , , , , , , , Reparacion
 , , , , , , , , , , Reparacion
Oscar, Rangel, Baños, 43, 18,Rue Ketels,Bruxelles,1020, 98, 3, 32, 2
 , , , , , , , , , , , Revision
 , , , , , , , , , , , Mantenimiento
 , , , , , , , , , , Apoyo
 , , , , , , , , , , Reparacion
 , , , , , , , , , , Reparacion
 , , , , , , , , , , Limpieza
 , , , , , , , , , , Construccion
 , , , , , , , , , , Apoyo
 , , , , , , , , , , Revision
 , , , , , , , , , , Mantenimiento
 , , , , , , , , , , Mantenimiento
 , , , , , , , , , , Apoyo
 , , , , , , , , , , Reparacion
 , , , , , , , , , , Revision
 , , , , , , , , , , Construccion
 , , , , , , , , , , Reparacion
 , , , , , , , , , , Reparacion
 , , , , , , , , , , Reparacion
 , , , , , , , , , , Construccion
 , , , , , , , , , , Mantenimiento
 , , , , , , , , , , Revision
 , , , , , , , , , , Mantenimiento
 , , , , , , , , , , Limpieza
 , , , , , , , , , , Mantenimiento
 , , , , , , , , , , Reparacion
 , , , , , , , , , , Reparacion
 , , , , , , , , , , Limpieza
 , , , , , , , , , , Construccion
 , , , , , , , , , , Limpieza
 , , , , , , , , , , Construccion
 , , , , , , , , , , Construccion
 , , , , , , , , , , Limpieza
 , , , , , , , , , , Limpieza
 , , , , , , , , , , Revision
Alma, Acosta, Rosales, 76, 115,Avenue des Pagodes,Bruxelles,1020, 99, 11, 15, 3
 , , , , , , , , , , , Revision
 , , , , , , , , , , , Mantenimiento
 , , , , , , , , , , , Limpieza
 , , , , , , , , , , Apoyo
 , , , , , , , , , , Reparacion
 , , , , , , , , , , Reparacion
 , , , , , , , , , , Limpieza
 , , , , , , , , , , Construccion
 , , , , , , , , , , Apoyo
 , , , , , , , , , , Revision
 , , , , , , , , , , Mantenimiento
 , , , , , , , , , , Mantenimiento
 , , , , , , , , , , Apoyo
 , , , , , , , , , , Reparacion
 , , , , , , , , , , Revision
 , , , , , , , , , , Construccion
 , , , , , , , , , , Reparacion
 , , , , , , , , , , Reparacion
Oscar, Rangel, Rosales, 35, 207,Boulevard Emile Bockstael,Bruxelles,1020, 100, 3, 13, 3
 , , , , , , , , , , , Revision
 , , , , , , , , , , , Mantenimiento
 , , , , , , , , , , , Limpieza
 , , , , , , , , , , Apoyo
 , , , , , , , , , , Reparacion
 , , , , , , , , , , Reparacion
 , , , , , , , , , , Limpieza
 , , , , , , , , , , Construccion
 , , , , , , , , , , Apoyo
 , , , , , , , , , , Revision
 , , , , , , , , , , Mantenimiento
 , , , , , , , , , , Mantenimiento
 , , , , , , , , , , Apoyo
 , , , , , , , , , , Reparacion
 , , , , , , , , , , Revision
 , , , , , , , , , , Construccion
